-- MySQL dump 10.13  Distrib 5.7.36, for Linux (x86_64)
--
-- Host: 127.0.0.1    Database: shop_ecom
-- ------------------------------------------------------
-- Server version	5.7.36-0ubuntu0.18.04.1

/*!40101 SET @OLD_CHARACTER_SET_CLIENT=@@CHARACTER_SET_CLIENT */;
/*!40101 SET @OLD_CHARACTER_SET_RESULTS=@@CHARACTER_SET_RESULTS */;
/*!40101 SET @OLD_COLLATION_CONNECTION=@@COLLATION_CONNECTION */;
/*!40101 SET NAMES utf8 */;
/*!40103 SET @OLD_TIME_ZONE=@@TIME_ZONE */;
/*!40103 SET TIME_ZONE='+00:00' */;
/*!40014 SET @OLD_UNIQUE_CHECKS=@@UNIQUE_CHECKS, UNIQUE_CHECKS=0 */;
/*!40014 SET @OLD_FOREIGN_KEY_CHECKS=@@FOREIGN_KEY_CHECKS, FOREIGN_KEY_CHECKS=0 */;
/*!40101 SET @OLD_SQL_MODE=@@SQL_MODE, SQL_MODE='NO_AUTO_VALUE_ON_ZERO' */;
/*!40111 SET @OLD_SQL_NOTES=@@SQL_NOTES, SQL_NOTES=0 */;

--
-- Table structure for table `brands`
--

DROP TABLE IF EXISTS `brands`;
/*!40101 SET @saved_cs_client     = @@character_set_client */;
/*!40101 SET character_set_client = utf8 */;
CREATE TABLE `brands` (
  `id` bigint(20) unsigned NOT NULL AUTO_INCREMENT,
  `name` varchar(255) COLLATE utf8mb4_unicode_ci NOT NULL,
  `created_at` timestamp NULL DEFAULT NULL,
  `updated_at` timestamp NULL DEFAULT NULL,
  `deleted_at` timestamp NULL DEFAULT NULL,
  PRIMARY KEY (`id`)
) ENGINE=InnoDB AUTO_INCREMENT=4 DEFAULT CHARSET=utf8mb4 COLLATE=utf8mb4_unicode_ci;
/*!40101 SET character_set_client = @saved_cs_client */;

--
-- Dumping data for table `brands`
--

LOCK TABLES `brands` WRITE;
/*!40000 ALTER TABLE `brands` DISABLE KEYS */;
INSERT INTO `brands` VALUES (1,'Aultmore','2022-06-20 06:21:45','2022-06-20 06:21:45',NULL),(2,'Morlach','2022-06-20 06:21:59','2022-06-20 06:23:03',NULL),(3,'Bowmore','2022-06-20 06:22:22','2022-06-20 06:22:22',NULL);
/*!40000 ALTER TABLE `brands` ENABLE KEYS */;
UNLOCK TABLES;

--
-- Table structure for table `carts`
--

DROP TABLE IF EXISTS `carts`;
/*!40101 SET @saved_cs_client     = @@character_set_client */;
/*!40101 SET character_set_client = utf8 */;
CREATE TABLE `carts` (
  `id` bigint(20) unsigned NOT NULL AUTO_INCREMENT,
  `user_id` bigint(20) unsigned NOT NULL,
  `product_id` bigint(20) unsigned NOT NULL,
  `price` int(11) NOT NULL,
  `quantity` int(11) NOT NULL,
  `created_at` timestamp NULL DEFAULT NULL,
  `updated_at` timestamp NULL DEFAULT NULL,
  PRIMARY KEY (`id`),
  KEY `carts_user_id_foreign` (`user_id`),
  KEY `carts_product_id_foreign` (`product_id`),
  CONSTRAINT `carts_product_id_foreign` FOREIGN KEY (`product_id`) REFERENCES `products` (`id`) ON DELETE CASCADE,
  CONSTRAINT `carts_user_id_foreign` FOREIGN KEY (`user_id`) REFERENCES `users` (`id`) ON DELETE CASCADE
) ENGINE=InnoDB AUTO_INCREMENT=22 DEFAULT CHARSET=utf8mb4 COLLATE=utf8mb4_unicode_ci;
/*!40101 SET character_set_client = @saved_cs_client */;

--
-- Dumping data for table `carts`
--

LOCK TABLES `carts` WRITE;
/*!40000 ALTER TABLE `carts` DISABLE KEYS */;
INSERT INTO `carts` VALUES (12,3,10,2650000,2,'2022-07-15 07:01:42','2022-07-19 11:53:57'),(15,3,12,2950000,1,'2022-07-15 07:15:42','2022-07-19 11:49:26'),(18,3,8,5900000,1,'2022-07-19 11:42:57','2022-07-19 11:46:04'),(19,3,22,560000,1,'2022-07-19 11:51:34','2022-07-19 11:51:34'),(20,3,21,760000,1,'2022-07-19 11:51:34','2022-07-19 11:51:34'),(21,3,20,760000,1,'2022-07-19 11:51:35','2022-07-19 11:53:55');
/*!40000 ALTER TABLE `carts` ENABLE KEYS */;
UNLOCK TABLES;

--
-- Table structure for table `categories`
--

DROP TABLE IF EXISTS `categories`;
/*!40101 SET @saved_cs_client     = @@character_set_client */;
/*!40101 SET character_set_client = utf8 */;
CREATE TABLE `categories` (
  `id` bigint(20) unsigned NOT NULL AUTO_INCREMENT,
  `name` varchar(255) COLLATE utf8mb4_unicode_ci NOT NULL,
  `slug` varchar(255) COLLATE utf8mb4_unicode_ci NOT NULL,
  `parent_id` int(11) NOT NULL,
  `ordering` int(11) NOT NULL DEFAULT '1',
  `created_at` timestamp NULL DEFAULT NULL,
  `updated_at` timestamp NULL DEFAULT NULL,
  `deleted_at` timestamp NULL DEFAULT NULL,
  PRIMARY KEY (`id`),
  UNIQUE KEY `categories_slug_unique` (`slug`)
) ENGINE=InnoDB AUTO_INCREMENT=61 DEFAULT CHARSET=utf8mb4 COLLATE=utf8mb4_unicode_ci;
/*!40101 SET character_set_client = @saved_cs_client */;

--
-- Dumping data for table `categories`
--

LOCK TABLES `categories` WRITE;
/*!40000 ALTER TABLE `categories` DISABLE KEYS */;
INSERT INTO `categories` VALUES (1,'Scotch Whisky','scotch-whisky',0,1,'2022-06-20 03:52:55','2022-06-20 03:52:55',NULL),(2,'Whisky Khác','whisky-khac',0,2,'2022-06-20 03:53:39','2022-06-20 03:53:39',NULL),(3,'Cognac Armagnac','cognac-armagnac',0,3,'2022-06-20 03:54:01','2022-06-20 03:54:01',NULL),(4,'Beer Cider','beer-cider',0,4,'2022-06-20 03:54:14','2022-06-20 03:54:14',NULL),(5,'Vang Champagne','vang-champagne',0,5,'2022-06-20 03:54:29','2022-06-20 03:54:29',NULL),(6,'Rượu Vodka','ruou-vodka',0,6,'2022-06-20 03:54:42','2022-06-20 03:54:42',NULL),(7,'Rượu Sake','ruou-sake',0,7,'2022-06-20 03:54:58','2022-06-20 03:54:58',NULL),(8,'Rượu pha chế','ruou-pha-che',0,8,'2022-06-20 03:55:17','2022-06-20 03:55:17',NULL),(9,'Phụ kiện','phu-kien',0,9,'2022-06-20 03:55:52','2022-06-20 03:55:52',NULL),(10,'Quà Tết 2023','qua-tet-2023',0,10,'2022-06-20 03:56:30','2022-06-20 03:56:30',NULL),(11,'Single Malt Whisky','single-malt-whisky',1,1,'2022-06-20 03:57:33','2022-06-20 03:57:33',NULL),(12,'Blended Whisky','blended-whisky',1,2,'2022-06-20 03:58:10','2022-06-20 03:58:10',NULL),(13,'Speyside','speyside',11,1,'2022-06-20 03:59:51','2022-06-24 10:05:07',NULL),(14,'Islay','islay',11,2,'2022-06-20 04:00:05','2022-06-20 04:00:05',NULL),(15,'Highland','highland',11,3,'2022-06-20 04:00:24','2022-06-20 04:00:24',NULL),(16,'Lowland','lowland',11,4,'2022-06-20 04:00:40','2022-06-20 04:00:40',NULL),(17,'Island','island',11,5,'2022-06-20 04:01:06','2022-06-20 04:01:06',NULL),(18,'Campbeltown','campbeltown',11,6,'2022-06-20 04:01:34','2022-06-20 04:01:34',NULL),(19,'Japanese Whisky','japanese-whisky',2,1,'2022-06-20 06:16:51','2022-06-20 06:16:51',NULL),(20,'American Whisky','american-whisky',2,2,'2022-06-20 06:17:15','2022-06-20 06:17:15',NULL),(21,'Irish Whisky','irish-whisky',2,3,'2022-06-20 06:17:40','2022-06-20 06:17:40',NULL),(22,'Canadian Whisky','canadian-whisky',2,4,'2022-06-20 06:17:59','2022-06-20 06:17:59',NULL),(23,'Chivas Regal','chivas-regal',12,1,'2022-06-20 06:18:36','2022-06-20 06:18:36',NULL),(24,'Dewar\'s','dewars',12,2,'2022-06-20 06:18:53','2022-06-20 06:18:53',NULL),(25,'The Famous Grouse','the-famous-grouse',12,3,'2022-06-24 09:41:51','2022-06-24 09:41:51',NULL),(26,'Johnnie Walker','johnnie-walker',12,4,'2022-06-24 09:42:32','2022-06-24 09:42:32',NULL),(27,'Ballantine\'s','ballantines',12,5,'2022-06-24 09:43:08','2022-06-24 09:43:08',NULL),(28,'Independent bottler','independent-bottler',1,3,'2022-06-24 09:44:16','2022-06-24 09:44:16',NULL),(29,'Gordon & Macphail','gordon-macphail',28,1,'2022-06-24 09:52:05','2022-06-24 09:52:05',NULL),(30,'Hakushu','hakushu',19,1,'2022-06-24 09:52:58','2022-06-24 09:52:58',NULL),(31,'Nikka','nikka',19,2,'2022-06-24 09:53:13','2022-06-24 09:53:13',NULL),(32,'Yamazaki','yamazaki',19,3,'2022-06-24 09:53:28','2022-06-24 09:53:28',NULL),(33,'Hibiki','hibiki',19,4,'2022-06-24 09:53:40','2022-06-24 09:53:40',NULL),(34,'Matsui','matsui',19,5,'2022-06-24 09:53:56','2022-06-24 09:53:56',NULL),(35,'Koshu','koshu',19,6,'2022-06-24 09:54:06','2022-06-24 09:54:06',NULL),(36,'Jack Daniel\'s','jack-daniels',20,1,'2022-06-24 09:55:07','2022-06-24 09:55:07',NULL),(37,'Jim Beam','jim-beam',20,2,'2022-06-24 09:55:36','2022-06-24 09:55:36',NULL),(38,'Wild Turkey','wild-turkey',20,3,'2022-06-24 09:56:03','2022-06-24 09:56:03',NULL),(39,'Knob creek','knob-creek',20,4,'2022-06-24 09:56:19','2022-06-24 09:56:19',NULL),(40,'Jameson','jameson',21,1,'2022-06-24 09:56:38','2022-06-24 09:56:38',NULL),(41,'Bushmills','bushmills',21,2,'2022-06-24 09:57:03','2022-06-24 09:57:23',NULL),(42,'Teeling','teeling',21,3,'2022-06-24 10:03:11','2022-06-24 10:03:11',NULL),(43,'Kilbeggan','kilbeggan',21,4,'2022-06-24 10:03:29','2022-06-24 10:03:29',NULL),(44,'Canadian Club','canadian-club',22,1,'2022-06-24 10:04:02','2022-06-24 10:04:02',NULL),(45,'Cognac','cognac',3,1,'2022-06-24 10:06:20','2022-06-24 10:06:20',NULL),(46,'Armagnac','armagnac',3,2,'2022-06-24 10:06:35','2022-06-24 10:06:35',NULL),(47,'Hennessy','hennessy',45,1,'2022-06-24 10:07:04','2022-06-24 10:07:04',NULL),(48,'Rémy Martin','remy-martin',45,2,'2022-06-24 10:07:35','2022-06-24 10:07:35',NULL),(49,'Martell','martell',45,3,'2022-06-24 10:07:51','2022-06-24 10:07:51',NULL),(50,'Courvoisier','courvoisier',45,4,'2022-06-24 10:08:05','2022-06-24 10:08:05',NULL),(51,'Camus','camus',45,5,'2022-06-24 10:08:22','2022-06-24 10:08:22',NULL),(52,'Laballe','laballe',46,1,'2022-06-24 10:08:37','2022-06-24 10:08:37',NULL),(53,'Baron de Sigognac','baron-de-sigognac',46,2,'2022-06-24 10:09:22','2022-06-24 10:09:22',NULL),(54,'Castarede','castarede',46,3,'2022-06-24 10:09:39','2022-06-24 10:09:39',NULL),(55,'Bia Tiệp','bia-tiep',4,1,'2022-06-29 06:49:57','2022-06-29 06:49:57',NULL),(56,'Bia Bỉ','bia-bi',4,2,'2022-06-29 06:50:10','2022-06-29 06:50:10',NULL),(57,'Bia Đức','bia-duc',4,3,'2022-06-29 06:50:27','2022-06-29 06:50:27',NULL),(58,'Bia Nga','bia-nga',4,4,'2022-06-29 06:50:38','2022-06-29 06:50:38',NULL),(59,'Cider','cider',4,5,'2022-06-29 06:50:57','2022-06-29 06:50:57',NULL),(60,'Bia Mexico','bia-mexico',4,6,'2022-06-29 06:51:24','2022-06-29 06:51:24',NULL);
/*!40000 ALTER TABLE `categories` ENABLE KEYS */;
UNLOCK TABLES;

--
-- Table structure for table `failed_jobs`
--

DROP TABLE IF EXISTS `failed_jobs`;
/*!40101 SET @saved_cs_client     = @@character_set_client */;
/*!40101 SET character_set_client = utf8 */;
CREATE TABLE `failed_jobs` (
  `id` bigint(20) unsigned NOT NULL AUTO_INCREMENT,
  `connection` text COLLATE utf8mb4_unicode_ci NOT NULL,
  `queue` text COLLATE utf8mb4_unicode_ci NOT NULL,
  `payload` longtext COLLATE utf8mb4_unicode_ci NOT NULL,
  `exception` longtext COLLATE utf8mb4_unicode_ci NOT NULL,
  `failed_at` timestamp NOT NULL DEFAULT CURRENT_TIMESTAMP,
  PRIMARY KEY (`id`)
) ENGINE=InnoDB DEFAULT CHARSET=utf8mb4 COLLATE=utf8mb4_unicode_ci;
/*!40101 SET character_set_client = @saved_cs_client */;

--
-- Dumping data for table `failed_jobs`
--

LOCK TABLES `failed_jobs` WRITE;
/*!40000 ALTER TABLE `failed_jobs` DISABLE KEYS */;
/*!40000 ALTER TABLE `failed_jobs` ENABLE KEYS */;
UNLOCK TABLES;

--
-- Table structure for table `images`
--

DROP TABLE IF EXISTS `images`;
/*!40101 SET @saved_cs_client     = @@character_set_client */;
/*!40101 SET character_set_client = utf8 */;
CREATE TABLE `images` (
  `id` bigint(20) unsigned NOT NULL AUTO_INCREMENT,
  `path` varchar(255) COLLATE utf8mb4_unicode_ci NOT NULL,
  `status` int(11) NOT NULL DEFAULT '0',
  `created_at` timestamp NULL DEFAULT NULL,
  `updated_at` timestamp NULL DEFAULT NULL,
  PRIMARY KEY (`id`)
) ENGINE=InnoDB DEFAULT CHARSET=utf8mb4 COLLATE=utf8mb4_unicode_ci;
/*!40101 SET character_set_client = @saved_cs_client */;

--
-- Dumping data for table `images`
--

LOCK TABLES `images` WRITE;
/*!40000 ALTER TABLE `images` DISABLE KEYS */;
/*!40000 ALTER TABLE `images` ENABLE KEYS */;
UNLOCK TABLES;

--
-- Table structure for table `migrations`
--

DROP TABLE IF EXISTS `migrations`;
/*!40101 SET @saved_cs_client     = @@character_set_client */;
/*!40101 SET character_set_client = utf8 */;
CREATE TABLE `migrations` (
  `id` int(10) unsigned NOT NULL AUTO_INCREMENT,
  `migration` varchar(255) COLLATE utf8mb4_unicode_ci NOT NULL,
  `batch` int(11) NOT NULL,
  PRIMARY KEY (`id`)
) ENGINE=InnoDB AUTO_INCREMENT=61 DEFAULT CHARSET=utf8mb4 COLLATE=utf8mb4_unicode_ci;
/*!40101 SET character_set_client = @saved_cs_client */;

--
-- Dumping data for table `migrations`
--

LOCK TABLES `migrations` WRITE;
/*!40000 ALTER TABLE `migrations` DISABLE KEYS */;
INSERT INTO `migrations` VALUES (5,'2014_10_12_100000_create_password_resets_table',1),(6,'2019_08_19_000000_create_failed_jobs_table',1),(7,'2022_05_11_041908_create_roles_table',1),(10,'2022_05_11_041990_create_users_table',2),(19,'2022_05_17_150001_create_images_table',6),(27,'2022_05_17_151046_add_column_avatar_to_users_table',11),(42,'2022_05_19_155109_create_brands_table',15),(43,'2022_05_23_105508_create_products_table',15),(44,'2022_05_23_111825_create_product_images_table',15),(45,'2022_05_12_101810_create_categories_table',16),(46,'2022_06_20_173602_add_column_is_feature_to_products_table',17),(48,'2022_06_29_171311_add_column_volume_and_concentration_to_products_table',18),(53,'2022_07_04_140953_create_carts_table',19),(59,'2022_05_31_111613_create_orders_table',20),(60,'2022_05_31_111942_create_orders_details_table',20);
/*!40000 ALTER TABLE `migrations` ENABLE KEYS */;
UNLOCK TABLES;

--
-- Table structure for table `orders`
--

DROP TABLE IF EXISTS `orders`;
/*!40101 SET @saved_cs_client     = @@character_set_client */;
/*!40101 SET character_set_client = utf8 */;
CREATE TABLE `orders` (
  `id` bigint(20) unsigned NOT NULL AUTO_INCREMENT,
  `name` varchar(255) COLLATE utf8mb4_unicode_ci NOT NULL,
  `email` varchar(255) COLLATE utf8mb4_unicode_ci NOT NULL,
  `phone` varchar(255) COLLATE utf8mb4_unicode_ci NOT NULL,
  `address` varchar(255) COLLATE utf8mb4_unicode_ci NOT NULL,
  `note` varchar(255) COLLATE utf8mb4_unicode_ci NOT NULL,
  `status` int(11) NOT NULL,
  `method` int(11) NOT NULL DEFAULT '0' COMMENT '0-COD, 1-banking',
  `created_at` timestamp NULL DEFAULT NULL,
  `updated_at` timestamp NULL DEFAULT NULL,
  PRIMARY KEY (`id`)
) ENGINE=InnoDB DEFAULT CHARSET=utf8mb4 COLLATE=utf8mb4_unicode_ci;
/*!40101 SET character_set_client = @saved_cs_client */;

--
-- Dumping data for table `orders`
--

LOCK TABLES `orders` WRITE;
/*!40000 ALTER TABLE `orders` DISABLE KEYS */;
/*!40000 ALTER TABLE `orders` ENABLE KEYS */;
UNLOCK TABLES;

--
-- Table structure for table `orders_details`
--

DROP TABLE IF EXISTS `orders_details`;
/*!40101 SET @saved_cs_client     = @@character_set_client */;
/*!40101 SET character_set_client = utf8 */;
CREATE TABLE `orders_details` (
  `id` bigint(20) unsigned NOT NULL AUTO_INCREMENT,
  `orders_id` bigint(20) unsigned NOT NULL,
  `product_id` bigint(20) unsigned NOT NULL,
  `price` int(11) NOT NULL,
  `quantity` int(11) NOT NULL,
  `created_at` timestamp NULL DEFAULT NULL,
  `updated_at` timestamp NULL DEFAULT NULL,
  PRIMARY KEY (`id`),
  KEY `orders_details_orders_id_foreign` (`orders_id`),
  KEY `orders_details_product_id_foreign` (`product_id`),
  CONSTRAINT `orders_details_orders_id_foreign` FOREIGN KEY (`orders_id`) REFERENCES `orders` (`id`),
  CONSTRAINT `orders_details_product_id_foreign` FOREIGN KEY (`product_id`) REFERENCES `products` (`id`)
) ENGINE=InnoDB DEFAULT CHARSET=utf8mb4 COLLATE=utf8mb4_unicode_ci;
/*!40101 SET character_set_client = @saved_cs_client */;

--
-- Dumping data for table `orders_details`
--

LOCK TABLES `orders_details` WRITE;
/*!40000 ALTER TABLE `orders_details` DISABLE KEYS */;
/*!40000 ALTER TABLE `orders_details` ENABLE KEYS */;
UNLOCK TABLES;

--
-- Table structure for table `password_resets`
--

DROP TABLE IF EXISTS `password_resets`;
/*!40101 SET @saved_cs_client     = @@character_set_client */;
/*!40101 SET character_set_client = utf8 */;
CREATE TABLE `password_resets` (
  `email` varchar(255) COLLATE utf8mb4_unicode_ci NOT NULL,
  `token` varchar(255) COLLATE utf8mb4_unicode_ci NOT NULL,
  `created_at` timestamp NULL DEFAULT NULL,
  KEY `password_resets_email_index` (`email`)
) ENGINE=InnoDB DEFAULT CHARSET=utf8mb4 COLLATE=utf8mb4_unicode_ci;
/*!40101 SET character_set_client = @saved_cs_client */;

--
-- Dumping data for table `password_resets`
--

LOCK TABLES `password_resets` WRITE;
/*!40000 ALTER TABLE `password_resets` DISABLE KEYS */;
/*!40000 ALTER TABLE `password_resets` ENABLE KEYS */;
UNLOCK TABLES;

--
-- Table structure for table `product_images`
--

DROP TABLE IF EXISTS `product_images`;
/*!40101 SET @saved_cs_client     = @@character_set_client */;
/*!40101 SET character_set_client = utf8 */;
CREATE TABLE `product_images` (
  `id` bigint(20) unsigned NOT NULL AUTO_INCREMENT,
  `path` varchar(255) COLLATE utf8mb4_unicode_ci DEFAULT NULL,
  `type` int(11) NOT NULL DEFAULT '0' COMMENT '0: default, 1:thumbnail',
  `product_id` bigint(20) unsigned NOT NULL,
  `created_at` timestamp NULL DEFAULT NULL,
  `updated_at` timestamp NULL DEFAULT NULL,
  PRIMARY KEY (`id`),
  KEY `product_images_product_id_foreign` (`product_id`),
  CONSTRAINT `product_images_product_id_foreign` FOREIGN KEY (`product_id`) REFERENCES `products` (`id`) ON DELETE CASCADE
) ENGINE=InnoDB AUTO_INCREMENT=41 DEFAULT CHARSET=utf8mb4 COLLATE=utf8mb4_unicode_ci;
/*!40101 SET character_set_client = @saved_cs_client */;

--
-- Dumping data for table `product_images`
--

LOCK TABLES `product_images` WRITE;
/*!40000 ALTER TABLE `product_images` DISABLE KEYS */;
INSERT INTO `product_images` VALUES (1,'uploads/images/product/Bowmore-25YO-UK_doi_1655701104.jpg',0,1,'2022-06-20 04:58:24','2022-06-20 04:58:24'),(2,'uploads/images/product/Bowmore-25_vo-hop_1655701104.jpg',1,1,'2022-06-20 04:58:24','2022-06-20 04:58:24'),(3,'uploads/images/product/Bowmore-25_mat-truoc_1655701104.jpg',1,1,'2022-06-20 04:58:24','2022-06-20 04:58:24'),(4,'uploads/images/product/Bowmore-25_1_1655701104.jpg',1,1,'2022-06-20 04:58:24','2022-06-20 04:58:24'),(5,'uploads/images/product/Bowmore-25-and-decanter_1655701104.jpg',1,1,'2022-06-20 04:58:24','2022-06-20 04:58:24'),(8,'uploads/images/product/Aultmore-25-mat-truoc_1655705019.jpg',0,4,'2022-06-20 05:36:22','2022-06-20 06:03:39'),(9,'uploads/images/product/Aultmore-25_1655703383.jpg',1,4,'2022-06-20 05:36:23','2022-06-20 05:36:23'),(10,'uploads/images/product/Aultmore-25-Scotch-Whisky-hop_1655703383.jpg',1,4,'2022-06-20 05:36:23','2022-06-20 05:36:23'),(11,'uploads/images/product/Aultmore-25-mat-truoc_1655705072.jpg',1,4,'2022-06-20 06:04:32','2022-06-20 06:04:32'),(12,'uploads/images/product/Mortlach-18_1655706055.jpeg',0,5,'2022-06-20 06:20:55','2022-06-20 06:20:55'),(13,'uploads/images/product/Macallan-A-Night-On-Earth-In-Scotland-Malt-Co_1655721620.png',0,6,'2022-06-20 10:40:20','2022-06-20 10:40:20'),(14,'uploads/images/product/z2952022405492_17ec37153f1498a04ff364c9a327e8a2_1655721620.jpg',1,6,'2022-06-20 10:40:20','2022-06-20 10:40:20'),(15,'uploads/images/product/Macallan-A-Night-On-Earth-In-Scotland-Malt-Co_1655721620.png',1,6,'2022-06-20 10:40:20','2022-06-20 10:40:20'),(16,'uploads/images/product/macallan-harmony-collection-rich-cacao-malt-co-2_1655721738.jpg',0,7,'2022-06-20 10:42:18','2022-06-20 10:42:18'),(17,'uploads/images/product/macallan-harmony-collection-rich-cacao-malt-co4_1655721738.jpg',1,7,'2022-06-20 10:42:18','2022-06-20 10:42:18'),(18,'uploads/images/product/167796d7fb9530cb6984-scaled_1655721738.jpg',1,7,'2022-06-20 10:42:18','2022-06-20 10:42:18'),(19,'uploads/images/product/ROYAL-SALUTE-25-maltco._1655780222.jpg',0,8,'2022-06-21 02:57:02','2022-06-21 02:57:02'),(20,'uploads/images/product/ROYAL-SALUTE-25-maltco.._1655780222.jpg',1,8,'2022-06-21 02:57:02','2022-06-21 02:57:02'),(21,'uploads/images/product/ROYAL-SALUTE-25-maltco..._1655780222.jpg',1,8,'2022-06-21 02:57:02','2022-06-21 02:57:02'),(22,'uploads/images/product/ROYAL-SALUTE-25-maltco...._1655780222.jpg',1,8,'2022-06-21 02:57:02','2022-06-21 02:57:02'),(23,'uploads/images/product/royal-salute-23-limited-malt-co_1655780283.jpg',0,9,'2022-06-21 02:58:03','2022-06-21 02:58:03'),(24,'uploads/images/product/ROYAL-SALUTE-21-THE-SIGNATURE-BLEND-1L-maltco....-1_1655780417.jpg',0,10,'2022-06-21 03:00:17','2022-06-21 03:00:17'),(25,'uploads/images/product/ROYAL-SALUTE-21-THE-SIGNATURE-BLEND-1L-maltco.-1_1655780417.jpg',1,10,'2022-06-21 03:00:17','2022-06-21 03:00:17'),(26,'uploads/images/product/ROYAL-SALUTE-21-THE-SIGNATURE-BLEND-1L-maltco..-1_1655780417.jpg',1,10,'2022-06-21 03:00:17','2022-06-21 03:00:17'),(27,'uploads/images/product/ROYAL-SALUTE-21-THE-SIGNATURE-BLEND-1L-maltco...-1_1655780417.jpg',1,10,'2022-06-21 03:00:17','2022-06-21 03:00:17'),(28,'uploads/images/product/ROYAL-SALUTE-21-THE-MALTS-BLEND-maltco._1655780575.jpg',0,12,'2022-06-21 03:02:55','2022-06-21 03:02:55'),(29,'uploads/images/product/ROYAL-SALUTE-21-THE-MALTS-BLEND-maltco.._1655780575.jpg',1,12,'2022-06-21 03:02:55','2022-06-21 03:02:55'),(30,'uploads/images/product/ROYAL-SALUTE-21-THE-MALTS-BLEND-maltco..._1655780575.jpg',1,12,'2022-06-21 03:02:55','2022-06-21 03:02:55'),(31,'uploads/images/product/ROYAL-SALUTE-21-THE-MALTS-BLEND-maltco...._1655780575.jpg',1,12,'2022-06-21 03:02:55','2022-06-21 03:02:55'),(32,'uploads/images/product/Bowmore-10-years-old_1656055741.png',0,16,'2022-06-24 07:29:01','2022-06-24 07:29:01'),(33,'uploads/images/product/Anh-web-1200x1600.png-1_1656055741.png',1,16,'2022-06-24 07:29:01','2022-06-24 07:29:01'),(34,'uploads/images/product/Anh-web-3_1656055741.png',1,16,'2022-06-24 07:29:01','2022-06-24 07:29:01'),(35,'uploads/images/product/Anh-web-2_1656055741.png',1,16,'2022-06-24 07:29:01','2022-06-24 07:29:01'),(36,'uploads/images/product/Bowmore-15-Year-Old-Aston-Martin-Malt-Co_1656056643.jpg',0,17,'2022-06-24 07:44:03','2022-06-24 07:44:03'),(37,'uploads/images/product/Bowmore-18-Year-Old-Aston-Martin-Malt-Co_1656056707.jpg',0,18,'2022-06-24 07:45:07','2022-06-24 07:45:07'),(38,'uploads/images/product/bia-leffe-chai-vang-330-ml-1_1656056962.jpg',0,20,'2022-06-24 07:49:22','2022-06-24 07:49:22'),(39,'uploads/images/product/bia-leffe-nâu-2020-600x602-1_1656057684.png',0,21,'2022-06-24 08:01:24','2022-06-24 08:01:24'),(40,'uploads/images/product/bia-heineken-phap-250ml_1656057810.jpg',0,22,'2022-06-24 08:03:30','2022-06-24 08:03:30');
/*!40000 ALTER TABLE `product_images` ENABLE KEYS */;
UNLOCK TABLES;

--
-- Table structure for table `products`
--

DROP TABLE IF EXISTS `products`;
/*!40101 SET @saved_cs_client     = @@character_set_client */;
/*!40101 SET character_set_client = utf8 */;
CREATE TABLE `products` (
  `id` bigint(20) unsigned NOT NULL AUTO_INCREMENT,
  `name` varchar(255) COLLATE utf8mb4_unicode_ci NOT NULL,
  `slug` varchar(255) COLLATE utf8mb4_unicode_ci NOT NULL,
  `price` int(11) NOT NULL,
  `volume` varchar(255) COLLATE utf8mb4_unicode_ci DEFAULT NULL,
  `concentration` varchar(255) COLLATE utf8mb4_unicode_ci DEFAULT NULL,
  `description` longtext COLLATE utf8mb4_unicode_ci,
  `content` longtext COLLATE utf8mb4_unicode_ci,
  `category_id` bigint(20) unsigned NOT NULL,
  `brand_id` bigint(20) unsigned DEFAULT NULL,
  `is_feature` tinyint(4) NOT NULL DEFAULT '0',
  `created_at` timestamp NULL DEFAULT NULL,
  `updated_at` timestamp NULL DEFAULT NULL,
  `deleted_at` timestamp NULL DEFAULT NULL,
  PRIMARY KEY (`id`),
  KEY `products_category_id_foreign` (`category_id`),
  KEY `products_brand_id_foreign` (`brand_id`),
  CONSTRAINT `products_brand_id_foreign` FOREIGN KEY (`brand_id`) REFERENCES `brands` (`id`) ON DELETE CASCADE,
  CONSTRAINT `products_category_id_foreign` FOREIGN KEY (`category_id`) REFERENCES `categories` (`id`) ON DELETE CASCADE
) ENGINE=InnoDB AUTO_INCREMENT=23 DEFAULT CHARSET=utf8mb4 COLLATE=utf8mb4_unicode_ci;
/*!40101 SET character_set_client = @saved_cs_client */;

--
-- Dumping data for table `products`
--

LOCK TABLES `products` WRITE;
/*!40000 ALTER TABLE `products` DISABLE KEYS */;
INSERT INTO `products` VALUES (1,'Bowmore 25 year old UK','bowmore-25-year-old-uk',15000000,'700','43','Bowmore 25 năm tuổi (phiên bản UK) | 43% abv | Một sự kết hợp thú vị giữa kẹo bơ cứng và hạt phỉ thơm siêu ngon, sau đó được gắn kết với nhau bởi khói than bùn ngọt ngào của vùng Islay.','<p>Bowmore 25 năm tuổi (phi&ecirc;n bản UK) |&nbsp;43% abv |&nbsp;Một sự kết hợp th&uacute; vị giữa kẹo bơ cứng v&agrave; hạt phỉ thơm si&ecirc;u ngon, sau đ&oacute; được gắn kết với nhau bởi kh&oacute;i than b&ugrave;n ngọt ng&agrave;o của v&ugrave;ng Islay.</p>\r\n\r\n<p>TRƯỞNG TH&Agrave;NH TRONG MỘT PHẦN TƯ THẾ KỶ</p>\r\n\r\n<p>Một loại rượu Whisky n&agrave;y cần được thưởng thức từ từ, từng giọt ngon ngọt của loại mạch nha c&acirc;n bằng một c&aacute;ch tinh tế, được ủ trong một phần tư thế kỷ trong c&aacute;c th&ugrave;ng rượu Bourbon Bắc Mỹ v&agrave; th&ugrave;ng Sherry T&acirc;y Ban Nha.&nbsp;Vượt trội hơn hẳn c&aacute;c ti&ecirc;u chuẩn của ch&iacute;nh Bowmore, Bowmore 25 Year Old được đ&aacute;nh gi&aacute; rất cao, n&oacute; bộc lộ được hầu hết những phẩm chất được coi l&agrave; tốt nhất của mỗi loại sản phẩm ph&aacute;t h&agrave;nh trước giờ thuộc nh&agrave; Bowmore.</p>\r\n\r\n<p>Nh&igrave;n bằng mắt:&nbsp;M&agrave;u gỗ gụ &ecirc;m dịu<br />\r\nThở v&agrave;o:&nbsp;Rượu sherry đậm đ&agrave; v&agrave; tr&aacute;i c&acirc;y hầm, với ch&uacute;t kh&oacute;i của Bowmore<br />\r\nNhấm nh&aacute;p:&nbsp;Kẹo bơ cứng thơm ngon v&agrave; hạt phỉ, đan xen với nhau chỉ với một ch&uacute;t kh&oacute;i than b&ugrave;n ngọt ng&agrave;o<br />\r\nHậu vị:&nbsp;Kết th&uacute;c &ecirc;m dịu, nhẹ nh&agrave;ng v&agrave; v&ocirc; c&ugrave;ng phức tạp</p>\r\n\r\n<p>&nbsp;</p>\r\n\r\n<p>Mua Bowmore 25 Year Old UK ở đ&acirc;u ?</p>\r\n\r\n<p>V&igrave; Bowmore 25YO UK l&agrave; một chai rượu cực k&igrave; hiếm v&agrave; chất lượng n&ecirc;n kh&ocirc;ng hề dễ để c&oacute; thể t&igrave;m được tr&ecirc;n thị trường (Đương nhi&ecirc;n l&agrave; vậy!). Nhưng đừng lo, vẫn c&oacute; một c&aacute;ch để sở hữu chai rượu qu&yacute; n&agrave;y! Qu&yacute; kh&aacute;ch chỉ cần tới với TVH Shop, ch&uacute;ng t&ocirc;i lu&ocirc;n sẵn s&agrave;ng phục vụ cũng như chia sẻ những kiến thức về rượu qu&yacute; gi&aacute; nhất với to&agrave;n bộ qu&yacute; kh&aacute;ch. Nhanh ch&acirc;n l&ecirc;n n&agrave;o, số lượng c&oacute; hạn !!!</p>',14,3,0,'2022-06-20 04:58:24','2022-06-29 10:46:09',NULL),(4,'Aultmore 25 Years Old','aultmore-25-years-old',10450000,'700','40','Aultmore 25 tuổi là một sản phẩm nổi bật trong bộ sưu tập The Last Great Malts của Dewar ra mắt vào năm 2014. Phong phú với cả hương ngọt và hương đất, đây là một trong những hương vị tuyệt vời không thể bỏ qua. Aultmore 25 mở ra một hương vị ngập tràn trái cây, với chuối, lê, táo và nho khô. Tất cả được phủ một cách tinh tế trong một lớp sốt caramel kem đặc đầy thi vị.\r\n\r\nVị ngọt của caramen kết hợp hoàn hảo với vị thanh nhẹ từ trái cây. Hai hương vị hòa quyện với nhau một cách hoàn hảo.\r\n\r\nCaramel có một hương vị ngọt đặc biệt, gần với vị đường cháy. Ngoài ra còn có một hương thơm dịu  của vani, tạo ra chiều sâu tuyệt vời từ hương gỗ sồi đất xuyên qua.','<h2><strong>Đ&ocirc;i n&eacute;t về nh&agrave; m&aacute;y chưng cất Aultmore 25</strong></h2>\r\n\r\n<p>C&aacute;i t&ecirc;n Aultmore c&oacute; nghĩa l&agrave; &lsquo;vết bỏng lớn&rsquo; trong tiếng Gaelic &ndash; c&oacute; lẽ l&agrave; một từ &aacute;m chỉ đến d&ograve;ng s&ocirc;ng Isla gần đ&oacute;. N&oacute; được x&acirc;y dựng ở ph&iacute;a Bắc của v&ugrave;ng Keith bởi Alexander Edward v&agrave;o năm 1895/1896.</p>\r\n\r\n<h3><strong>Sự ra đời của nh&agrave; m&aacute;y chưng cất Aultmore</strong></h3>\r\n\r\n<p>Aultmore bắt đầu đi v&agrave;o hoạt động v&agrave;o năm 1897. V&agrave;o thời điểm đ&oacute;, Alexander Edward đ&atilde; sở hữu th&ecirc;m nh&agrave; m&aacute;y chưng cất Benrinnes &ndash; v&agrave; sau n&agrave;y l&agrave; cả nh&agrave; m&aacute;y Oban v&agrave;o năm 1898. Mọi thứ c&oacute; vẻ đều rất thuận lợi&hellip;</p>\r\n\r\n<p>Kh&ocirc;ng may thay, sự b&ugrave;ng nổ về rượu whisky kết th&uacute;c kh&ocirc;ng l&acirc;u sau khi nh&agrave; m&aacute;y Aultmore được x&acirc;y dựng xong: nhu cầu về rượu tụt dốc kh&ocirc;ng phanh. Cũng bởi điều n&agrave;y m&agrave; Aultmore đ&atilde; phải ngưng hoạt động v&agrave; đ&oacute;ng cửa trong v&agrave;i năm. Sau đ&oacute;, Aultmore đ&atilde; mở cửa một lần nữa v&agrave;o khoảng năm 1903/1904, nhưng kh&ocirc;ng duy tr&igrave; được qu&aacute; l&acirc;u. Năm 1914, Vương quốc Anh đ&atilde; vướng v&agrave;o một cuộc tranh chấp quốc tế&hellip;</p>\r\n\r\n<p>Sự thiếu hụt l&uacute;a mạch trong Thế chiến thứ nhất đ&atilde; buộc nh&agrave; m&aacute;y chưng cất Aultmore lại phải đ&oacute;ng cửa một lần nữa, tuy nhi&ecirc;n lần n&agrave;y Aultmore kh&ocirc;ng đơn độc, khi m&agrave; nhiều nh&agrave; m&aacute;y kh&aacute;c cũng phải ngưng hoạt động. Chi tiết về sự ảnh hưởng của chiến tranh tới nh&agrave; m&aacute;y v&agrave; những hoạt động của n&oacute; đầu những năm 1920 kh&ocirc;ng được ghi ch&eacute;p lại r&otilde; r&agrave;ng, nhưng ch&uacute;ng ta c&oacute; thể biết rằng nh&agrave; m&aacute;y n&agrave;y đ&atilde; được John Dewar mua lại v&agrave;o năm 1923.</p>\r\n\r\n<h3><strong>Aultmore sau thế chiến thứ nhất</strong></h3>\r\n\r\n<p>Aultmore trở th&agrave;nh một phần của c&ocirc;ng ty DCL v&agrave;o năm 1925 v&agrave; thời gian đầu, mọi hoạt động đều kh&aacute; thiếu ổn định. Đến đầu những năm 1950, Aultmore l&agrave; một trong những nh&agrave; m&aacute;y ti&ecirc;n phong thử nghiệm sử dụng nguy&ecirc;n liệu sau chưng cất l&agrave;m thức ăn chăn nu&ocirc;i.&nbsp;</p>\r\n\r\n<p>Bản th&acirc;n nh&agrave; m&aacute;y chưng cất n&agrave;y nằm ở một v&ugrave;ng xa x&ocirc;i của Speyside v&agrave; kh&ocirc;ng được kết nối với lưới điện quốc gia cho đến tận năm 1969 khi động cơ hơi nước được sử dụng từ thế kỷ trước cuối c&ugrave;ng đ&atilde; được nghỉ hưu. Aultmore tiếp tục l&agrave; một trong những th&agrave;nh phần quan trọng của Blended Whisky Dewar v&agrave; hỗn hợp rượu Old Perth.&nbsp;Nh&agrave; m&aacute;y chưng cất Aultmore được t&aacute;i x&acirc;y dựng v&agrave; n&acirc;ng cấp v&agrave;o năm 1971, v&agrave; số lượng th&ugrave;ng chưng cất tăng từ 2 l&ecirc;n con số 4.</p>\r\n\r\n<p>Ngay sau khi n&acirc;ng cấp nh&agrave; m&aacute;y v&agrave;o năm 1971, Aultmore đ&atilde; được b&aacute;n cho đại gia trong ng&agrave;nh n&agrave;y, United Distillers. Họ l&agrave; ch&iacute;nh l&agrave; tiền th&acirc;n của h&atilde;ng Diageo sau n&agrave;y. Năm 1991, Aultmore tung ra thị trường chai Flora &amp; Fauna 12 năm tuổi (b&aacute;n ch&iacute;nh thức &ndash; semi-offcial) v&agrave; phi&ecirc;n bản &lsquo;UD Rare Malts&rsquo; của n&oacute; v&agrave;o năm 1996. V&agrave; rồi Aultmore lại đổi chủ một lần nữa.</p>\r\n\r\n<p>Năm 1998, hơn một thế kỷ sau khi được th&agrave;nh lập, Aultmore đ&atilde; được mua lại bởi chủ sở hữu mới, Bacardi &ndash; th&ocirc;ng qua c&ocirc;ng ty con của họ, John Dewar &amp; Sons. Nếu bạn c&ograve;n nhớ, đ&oacute; cũng ch&iacute;nh l&agrave; c&ocirc;ng ty đ&atilde; mua lại Aultmore v&agrave;o năm 1923.</p>\r\n\r\n<h3><strong>Aultmore dưới thời kỳ thuộc sở hữu của Bacardi</strong></h3>\r\n\r\n<p>Whisky single malt của Aultmore trong giai đoạn n&agrave;y chủ yếu được sử dụng để l&agrave;m nguy&ecirc;n liệu cho whisky blend của Dewar, chỉ c&oacute; 1 phần cực kỳ nhỏ được đ&oacute;ng chai dưới dạng single malt.</p>\r\n\r\n<p>Người chủ mới Bacardi dường như cảm thấy hướng đi n&agrave;y vẫn ổn đối với doanh nghiệp v&agrave; chưa cần thiết phải vội v&atilde; thay đổi; v&agrave; dựa v&agrave;o việc từng được thử whisky trong thời gian n&agrave;y của Aultmore, t&ocirc;i cho rằng đ&oacute; c&oacute; thể coi l&agrave; một quyết định đ&uacute;ng đắn. Trong giai đoạn những năm 1990, kh&ocirc;ng c&oacute; bất kỳ chai whisky n&agrave;o của họ đạt mức điểm tr&ecirc;n trung b&igrave;nh, vậy n&ecirc;n việc duy tr&igrave; hoạt động pha trộn whisky kh&aacute; &ldquo;thường&rdquo; của m&igrave;nh với whisky ngũ cốc c&oacute; vẻ l&agrave; một kế hoạch ho&agrave;n hảo.</p>\r\n\r\n<p>C&oacute; một điều th&uacute; vị, đ&oacute; l&agrave; một số loại whisky single malt kh&aacute; nổi tiếng trong việc gi&uacute;p n&acirc;ng tầm rượu blender (như Aultmore, Benrinnes, Glen Elgin, Glenlossie, Glenruits&hellip;), dường như kh&ocirc;ng nhận được qu&aacute; nhiều sự t&aacute;n thưởng từ giới s&agrave;nh whisky mạch nha với vốn hiểu biết trung b&igrave;nh.</p>\r\n\r\n<p>Trong khi đ&oacute;, sản phẩm từ c&aacute;c nh&agrave; m&aacute;y chưng cất được đ&aacute;nh gi&aacute; cao như Aberlour, Ardmore, Dalmore v&agrave; Glenmorangie lại ho&agrave;n to&agrave;n c&oacute; thể bị đ&aacute;nh bại (về hương vị) bởi một số loại whisky pha trộn.</p>\r\n\r\n<p>Nh&agrave; văn chuy&ecirc;n viết về whisky Charlie MacLean đ&atilde; nghi&ecirc;n cứu về c&aacute;ch ph&acirc;n loại whisky mạch nha từ g&oacute;c nh&igrave;n của một chuy&ecirc;n gia blend rượu whisky. Cuốn s&aacute;ch của &ocirc;ng thực sự đ&atilde; mở mang tầm mắt cho rất nhiều người y&ecirc;u whisky. Bạn c&oacute; biết rằng c&aacute;c loại whisky mạch nha được ưa chuộng nhất v&ugrave;ng Highlands, như Glen Garioch v&agrave; Lochside, thực chất trong chỉ xếp hạng 3 trong danh s&aacute;ch của c&aacute;c blender? Tr&ecirc;n thực tế, họ th&agrave; sử dụng whisky mạch nha của Balmenach, Banff, Benriach, Dalwhinnie, Glendullan, Glen Keith, Glen Spey, Speyburn hoặc Strathisla c&ograve;n hơn. Điều th&uacute; vị l&agrave;, thực tế cho thấy blended whisky kh&oacute; c&oacute; thể được ưa chuộng v&agrave; t&igrave;m kiếm như single malt.</p>\r\n\r\n<h2><strong>Địa điểm nh&agrave; m&aacute;y chưng cất Aultmore</strong></h2>\r\n\r\n<p>Việc t&aacute;i thiết&nbsp;<a href=\"https://maltco.asia/danh-muc/scotch-whisky/single-malt-whisky/speyside/aultmore/\">Aultmore</a>&nbsp;năm 1971 kh&ocirc;ng nhằm mục đ&iacute;ch lưu giữ n&eacute;t đẹp truyền thống của những nh&agrave; m&aacute;y chưng cất Scotch l&acirc;u đời. Ngược lại, nh&agrave; m&aacute;y Strathisla gần đ&oacute; lại v&ocirc; c&ugrave;ng ấn tượng với vẻ ngo&agrave;i của n&oacute;.</p>\r\n\r\n<p>Nếu bạn muốn biết, th&igrave; Strathisla c&oacute; cung cấp những tour tham quan nh&agrave; m&aacute;y. C&ograve;n Aultmore th&igrave;,&hellip; bạn biết đấy, n&oacute; kh&ocirc;ng giống một nơi sẽ thu h&uacute;t du kh&aacute;ch cho lắm.</p>',13,1,0,'2022-06-20 05:36:22','2022-06-29 10:45:49',NULL),(5,'Morlach 18 Year Old - York House','morlach-18-year-old-york-house',3900000,'700','43','Rượu whisky single malt Mortlach 18 năm – York House – nhà chưng cất Mortlach (biệt danh là quái thú vùng Dufftown) nay thuộc sở hữu của Diageo. Mortlach 18 năm 700ml phiên bản vừa phát hành năm 2021 chi thị trường Châu Á, cụ thể là Việt Nam và Đài Loan.','<p>Rượu whisky single malt Mortlach 18 năm &ndash; York House &ndash; nh&agrave; chưng cất Mortlach (biệt danh l&agrave; qu&aacute;i th&uacute; v&ugrave;ng Dufftown) nay thuộc sở hữu của Diageo. Mortlach 18 năm 700ml phi&ecirc;n bản vừa ph&aacute;t h&agrave;nh năm 2021 chi thị trường Ch&acirc;u &Aacute;, cụ thể l&agrave; Việt Nam v&agrave; Đ&agrave;i Loan.</p>\r\n\r\n<p>Mortlach với qu&aacute; tr&igrave;nh chưng cất đặc th&ugrave; 2.81 lần (phần lớn whisky single malt Scotch được chưng cất 2 lần) c&oacute; lịch sử l&acirc;u đời v&agrave; l&agrave; nh&agrave; chưng cất đầu ti&ecirc;n của Dufftown.</p>\r\n\r\n<p>Ở độ tuổi 18, chất rượu Mortlach trở n&ecirc;n đầy sức hấp dẫn v&agrave; cực k&igrave; ngon miệng. Đ&acirc;y l&agrave; lựa chọn tuyệt hảo cho những ai th&iacute;ch những d&ograve;ng whisky c&oacute; hương vị mạnh mẽ v&agrave; b&ugrave;ng nổ. Người ta thường hay nhấm nh&aacute;p v&agrave;i l&aacute;t cam phủ chocolate c&ugrave;ng với rượu như một c&aacute;ch nu&ocirc;ng chiều vị gi&aacute;c thời thượng.</p>\r\n\r\n<p><strong>Rượu Mortlach 18&nbsp;</strong>sở hữu tất cả những ti&ecirc;u ch&iacute; cần c&oacute; của whisky mạch nha: m&agrave;u hổ ph&aacute;ch tươi s&aacute;ng, hương vị c&acirc;n bằng tuyệt vời giữa độ ngọt v&agrave; độ thanh.</p>',13,2,0,'2022-06-20 06:20:55','2022-06-29 10:45:28',NULL),(6,'Macallan A Night On Earth In Scotland','macallan-a-night-on-earth-in-scotland',4500000,'700','40','Hogmanay là lễ hội nổi tiếng của Scotland được tổ chức vào ngày cuối cùng của năm cũ. Lấy cảm hứng từ lễ hội này, Macallan A Night On Earth In Scotland  được tạo ra để ghi lại niềm vui chung của cả thế giới, ghi lại sự thay đổi trong suốt một năm qua.','<h2>Đ&aacute;nh gi&aacute; Macallan A Night On Earth In Scotland</h2>\r\n\r\n<h3>Giới thiệu về Macallan A Night On Earth In Scotland</h3>\r\n\r\n<p>Hogmanay l&agrave; lễ hội nổi tiếng của Scotland được tổ chức v&agrave;o ng&agrave;y cuối c&ugrave;ng của năm cũ. Lấy cảm hứng từ lễ hội n&agrave;y,&nbsp;<em><strong>Macallan A Night On Earth In Scotland</strong></em>&nbsp; được tạo ra để ghi lại niềm vui chung của cả thế giới, ghi lại sự thay đổi trong suốt một năm qua.</p>\r\n\r\n<p><em><strong>Macallan A Night On Earth In Scotland</strong></em>&nbsp;l&agrave; một chai whisky tuyệt vời với sự hợp t&aacute;c của họa sĩ minh họa người Ph&aacute;p gốc Nhật Erica Dorn, người đ&atilde; đ&oacute;ng g&oacute;p rất nhiều t&aacute;c phẩm nghệ thuật của m&igrave;nh trong c&aacute;c bộ phim của đạo diễn Wes Anderson. Kh&ocirc;ng chỉ sở hữu đường n&eacute;t hội họa trừu tượng độc đ&aacute;o, bao b&igrave; của chai Single Malt n&agrave;y cũng v&ocirc; c&ugrave;ng đặc biệt để mang đến trải nghiệm mở hộp th&uacute; vị. Tất cả hướng đến nghi lễ đốt lửa lịch sử thống trị trong suốt c&aacute;c lễ kỷ niệm năm mới h&agrave;ng trăm năm qua tại đ&acirc;y.</p>\r\n\r\n<p>Hogmanay (đọc l&agrave; Hog-muh-nei) l&agrave; lễ hội đ&ecirc;m giao thừa nổi tiếng của Scotland. Theo truyền thống, người đi trước sẽ mang theo ba thứ: b&aacute;nh m&igrave; ngắn, rượu whisky v&agrave; than để đốt lửa. Mỗi m&oacute;n qu&agrave; được thiết kế để mang lại sự thoải m&aacute;i v&agrave; hạnh ph&uacute;c cho ng&ocirc;i nh&agrave; của bạn trong suốt thời gian c&ograve;n lại của năm. V&agrave; thật tuyệt vời, b&aacute;nh m&igrave; cũng l&agrave; hương vị nổi bật trong chai whisky n&agrave;y, v&agrave; cũng sẽ hợp nhất nếu nhấm nh&aacute;p c&ugrave;ng một mẩu b&aacute;nh m&igrave;.</p>\r\n\r\n<p><em><strong>Macallan A Night On Earth In Scotland</strong></em>&nbsp;được tạo ra từ c&aacute;c th&ugrave;ng sherry từ gỗ sồi Mỹ v&agrave; Ch&acirc;u &Acirc;u đặc biệt của Macallan, c&ugrave;ng th&ugrave;ng rượu Ex-Bourbon, tất cả để mang đến đặc điểm giống như b&aacute;nh m&igrave; ngắn ngọt ng&agrave;o đậm đ&agrave; của n&oacute;. Một lại whisky đề cập đến m&oacute;n ngon truyền thống của Scotland &ndash; thứ bạn sẽ t&igrave;m thấy ở bất cứ đ&acirc;u trong lễ hội Hogmanay &ndash; sẽ được nhấn mạnh th&ecirc;m bởi hương cam kh&ocirc; v&agrave; gia vị của lễ hội.</p>\r\n\r\n<h3>Mua Macallan A Night On Earth In Scotland ở đ&acirc;u</h3>\r\n\r\n<p><em><strong>Macallan A Night On Earth In Scotland</strong></em>&nbsp;đ&atilde; xuất hiện tại một số điểm b&aacute;n ở Scotland, nhưng với số lượng qu&aacute; nhỏ, n&ecirc;n ch&uacute;ng hầu hết đ&atilde; được đưa l&ecirc;n c&aacute;c s&agrave;n đấu gi&aacute; Whisky. Việc sở hữu một chai&nbsp;<em><strong>Macallan A Night On Earth In Scotland</strong></em>&nbsp;v&agrave;o l&uacute;c n&agrave;y kh&ocirc;ng kh&aacute;c g&igrave; xếp h&agrave;ng mua iPhone mới ra mắt. Tuy vậy, ch&uacute;ng t&ocirc;i sẽ mang chai whisky đặc biệt n&agrave;y đến với c&aacute;c bạn chỉ trong một v&agrave;i ng&agrave;y nữa, tất nhi&ecirc;n l&agrave; trước khi năm cũ kết th&uacute;c rồi.</p>\r\n\r\n<p>Bạn cũng c&oacute; thể đặt h&agrave;ng&nbsp;<em><strong>Macallan A Night On Earth In Scotland</strong></em>&nbsp;tại Malt &amp; Co. bằng c&aacute;ch trực tiếp đến cửa h&agrave;ng tại H&agrave; Nội hoặc đặt h&agrave;ng online th&ocirc;ng qua c&aacute;c k&ecirc;nh&nbsp;<a href=\"https://www.facebook.com/maltandcovietnam\" rel=\"noopener\" target=\"_blank\">Facebook</a>, Website hoặc Zalo. Ch&uacute;ng t&ocirc;i giao h&agrave;ng tr&ecirc;n to&agrave;n quốc, v&agrave; giao h&agrave;ng si&ecirc;u tốc tại H&agrave; Nội.</p>\r\n\r\n<h2>Lịch sử nh&agrave; chưng cất The Macallan</h2>\r\n\r\n<p>Năm 1924, khi Alexander Reid &ndash; một n&ocirc;ng d&acirc;n &ndash; xin được giấy ph&eacute;p chưng cất rượu đầu ti&ecirc;n sau khi đạo luật thuế suất 1823 được th&ocirc;ng qua, cũng l&agrave; thời điểm&nbsp;<em><strong>Macallan</strong></em>&nbsp;ra đời. Nh&agrave; m&aacute;y được x&acirc;y dựng tại v&ugrave;ng Craigellachie &ndash; Speyside. Năm 1868, James Stuart đ&atilde; thu&ecirc; lại v&agrave; x&acirc;y dựng lại nh&agrave; m&aacute;y. Quyền sở hữu của &ocirc;ng chấm dứt năm 1892 khi &ocirc;ng b&aacute;n lại&nbsp;<em><strong>Macallan</strong></em>&nbsp;cho những người khổng lồ của ng&agrave;nh chưng cất khi đ&oacute;, Roderick Kemp, l&uacute;c đ&oacute; đ&atilde; sở hữu Talisker. Hậu duệ của Kemp vẫn giữ quyền sở hữu cho đến khi Highland Distillers (Nay l&agrave; Edrington Group) tiếp quản lại năm 1996.</p>\r\n\r\n<h3>Qu&aacute; tr&igrave;nh ph&aacute;t triển của Macallan</h3>\r\n\r\n<p>Nh&agrave; m&aacute;y&nbsp;<em><strong>Macallan</strong></em>&nbsp;đ&atilde; li&ecirc;n tục được mở rộng từ nh&agrave; kho l&agrave;m bằng gỗ ban đầu với 2 nồi tĩnh. Số lượng nồi tĩnh đ&atilde; được tăng l&ecirc;n 5 v&agrave;o năm 1954 v&agrave; sau đ&oacute; th&ecirc;m 7 v&agrave;o năm 1965. Họ tiếp tục mở rộng sản xuất trong suốt những năm 70 v&agrave; đạt số lượng 21 v&agrave;o năm 1975.</p>\r\n\r\n<p>Cũng giống như phần lớn c&aacute;c nh&agrave; m&aacute;y sản xuất whisky mạch nha kh&aacute;c, thời kỳ đầu,&nbsp;<em><strong>Macallan</strong></em>&nbsp;chỉ đ&oacute;ng vai tr&ograve; l&agrave; nguy&ecirc;n liệu của c&aacute;c loại Blended Whisky (v&agrave; cũng kh&ocirc;ng nổi tiếng lắm) cho đến tận đầu những năm 80. Đ&oacute; l&agrave; một bước ngoặt quan trọng,&nbsp;<em><strong>Macallan</strong></em>&nbsp;quyết định tập trung mạnh hơn v&agrave;o danh mục những chai Single Malt Whisky &ndash; m&agrave; v&agrave;o l&uacute;c đ&oacute;,&nbsp;<a href=\"https://maltco.asia/danh-muc/scotch-whisky/single-malt-whisky/speyside/glenfiddich/\">Glenfiddich</a>&nbsp;vẫn đang chiếm thế độc t&ocirc;n tr&ecirc;n thị trường.</p>\r\n\r\n<p>Kh&ocirc;ng cần phải n&oacute;i nhiều về đội ngũ nghi&ecirc;n cứu &amp; ph&aacute;t triển của&nbsp;<em><strong>Macallan</strong></em>&nbsp;bởi họ ch&iacute;nh l&agrave; cốt l&otilde;i th&agrave;nh c&ocirc;ng của h&atilde;ng sau n&agrave;y. Họ bắt đầu ph&aacute;t triển những loại whisky trưởng th&agrave;nh trong nhiều loại th&ugrave;ng kh&aacute;c nhau, v&agrave; gọi n&oacute; với c&aacute;i t&ecirc;n mỹ miều &ldquo;Cognac của thế giới whisky&rdquo; với c&aacute;ch tiếp thị ph&oacute;ng t&uacute;ng v&agrave; bất cần &ndash; nhưng mang lại hiệu quả kh&ocirc;ng ngờ.</p>\r\n\r\n<h3>Sự th&agrave;nh c&ocirc;ng trong thời hiện đại của Macallan</h3>\r\n\r\n<p>Tiếp nối th&agrave;nh c&ocirc;ng của loạt whisky trong những th&ugrave;ng Sherry cũ &ndash; thứ m&agrave; cả thế giới vẫn m&ecirc; đắm với t&ecirc;n gọi th&acirc;n mật: Sherry bomb,&nbsp;<em><strong>Macallan</strong></em>&nbsp;trở th&agrave;nh nh&agrave; chưng cất đầu ti&ecirc;n tạo ra kh&aacute;i niệm &ldquo;Th&ugrave;ng bespoke&rdquo; (Bespoke &ndash; từ &aacute;m chỉ thứ được tạo ra để d&agrave;nh ri&ecirc;ng cho bạn, ho&agrave;n to&agrave;n vừa vặn). Họ chọn những c&acirc;y sồi cụ thể, cho d&ugrave; l&agrave; sồi Mỹ hay T&acirc;y Ban Nha, c&ocirc;ng ty Tevasa c&oacute; trụ sở tại Jerez sẽ chỉ định độ d&agrave;i v&agrave; tiến h&agrave;nh sấy, đốt&hellip; rồi d&ugrave;ng để ủ loại sherry n&agrave;o để tạo ra loại gia vị ph&ugrave; hợp.</p>\r\n\r\n<p>Thực tế đ&atilde; chứng minh sự đầu tư n&agrave;y của họ đ&aacute;ng gi&aacute;.&nbsp;<em><strong>Macallan</strong></em>&nbsp;li&ecirc;n tục mở rộng khu sản xuất tại Jerez với số lượng nh&agrave; kho tăng ch&oacute;ng mặt theo thời gian, v&agrave; th&agrave;nh phẩm của họ &ndash; h&agrave;ng loạt h&agrave;ng loạt những chai&nbsp;<em><strong>Macallan</strong></em>&nbsp;được cả thế giới săn l&ugrave;ng v&agrave; lu&ocirc;n trong t&igrave;nh trạng ch&aacute;y h&agrave;ng tuyệt đối.</p>\r\n\r\n<p>Trong những năm gần đ&acirc;y, khi thế giới ch&uacute; &yacute; nhiều hơn đến thị trường whisky cao cấp, th&igrave;&nbsp;<em><strong>Macallan</strong></em>&nbsp;cũng l&agrave; thương hiệu khởi đầu cho tr&agrave;o lưu whisky sang trọng. Macallan 50, Macallan 60 v&agrave;&nbsp;<a href=\"https://maltco.asia/scotch-whisky/san-pham/macallan-72-yo-2018-in-lalique-genesis-decanter\">Macallan 72</a>&nbsp;năm tuổi trong b&igrave;nh Lalique lần lượt ra mắt tạo ra cơn sốt chưa từng c&oacute; từ trước tới nay.</p>\r\n\r\n<p>Cũng dễ hiểu, khi những th&ugrave;ng l&acirc;u năm của&nbsp;<em><strong>Macallan</strong></em>&nbsp;l&agrave; c&oacute; hạn, v&agrave; cả những th&ugrave;ng &ldquo;bespoke&rdquo; cũng vậy. Song song với d&ograve;ng cao cấp, h&atilde;ng vẫn tiếp tục ra mắt những chai trưởng th&agrave;nh trong th&ugrave;ng Bourbon v&agrave; ex-sherry cổ điển. Cho d&ugrave; người y&ecirc;u th&iacute;ch&nbsp;<em><strong>Macallan</strong></em>&nbsp;l&acirc;u năm c&oacute; thể kh&ocirc;ng th&iacute;ch ch&uacute;ng, nhưng những người mới thưởng thức whisky lại tỏ ra rất hứng th&uacute;, nhờ thế Macallan li&ecirc;n tục c&oacute; được th&agrave;nh c&ocirc;ng tiếp nối th&agrave;nh c&ocirc;ng.</p>\r\n\r\n<h2>G&oacute;c nh&igrave;n kh&aacute;c với The Macallan</h2>\r\n\r\n<p>Nếu l&agrave; người y&ecirc;u th&iacute;ch whisky, chắc hẳn bạn cũng thấy được, những&nbsp;người đứng sau&nbsp;<em><strong>Macallan</strong></em>&nbsp;đ&atilde; cố gắng gieo v&agrave;o đầu người ti&ecirc;u d&ugrave;ng nhận thức về một thương hiệu &ldquo;độc nhất&rdquo; v&agrave; sang trọng, cho d&ugrave; thực tế th&igrave; nh&agrave; m&aacute;y của&nbsp;<em><strong>Macallan</strong></em>&nbsp;chỉ c&oacute; năng suất lớn thứ 2 hoặc thứ 3 ở Scotland, xếp sau&nbsp;<a href=\"https://maltco.asia/danh-muc/scotch-whisky/single-malt-whisky/speyside/glenfiddich/\">Glenfiddich</a>&nbsp;v&agrave;&nbsp;<a href=\"https://maltco.asia/danh-muc/scotch-whisky/single-malt-whisky/speyside/glenlivet/\">Glenlivet</a>. Tất nhi&ecirc;n, v&agrave;o những năm 1990,&nbsp;<em><strong>Macallan</strong></em>&nbsp;đ&atilde; từng l&agrave; thương hiệu rất được y&ecirc;u th&iacute;ch tại Ch&acirc;u &Acirc;u, khi họ vẫn lu&ocirc;n ủ whisky trong th&ugrave;ng sherry</p>\r\n\r\n<p>Tr&ecirc;n thực tế,&nbsp;<em><strong>Macallan</strong></em>&nbsp;đ&atilde; ra mắt loạt rượu ủ trong th&ugrave;ng bourbon thuộc d&ograve;ng &lsquo;Fine Oak&rsquo; v&agrave;o năm 2004, nhưng thực tế, điều n&agrave;y bắt đầu từ khi n&agrave;o th&igrave; kh&ocirc;ng ai d&aacute;m chắc, rất c&oacute; thể l&agrave; từ những năm 1970 &ndash; h&atilde;y nh&igrave;n v&agrave;o những chai Fine Oak 25 năm hoặc 30 năm tuổi v&agrave; đặt c&acirc;u hỏi.</p>\r\n\r\n<p>Tr&ecirc;n thực tế, gi&aacute; trị cốt l&otilde;i của&nbsp;<em><strong>Macallan</strong></em>&nbsp;dường như ng&agrave;y c&agrave;ng trượt dần từ rượu th&agrave;nh PR. Thậm ch&iacute; những người cuồng malt whisky đ&atilde; c&oacute; những b&agrave;i viết nghi ngại về t&iacute;nh x&aacute;c thực về độ l&acirc;u đời cũng như nguồn gốc rượu xuất ph&aacute;t từ nh&agrave;&nbsp;<em><strong>Macallan</strong></em>, tất nhi&ecirc;n họ cũng kh&ocirc;ng thể chứng minh được điều đ&oacute;.</p>\r\n\r\n<p>Tất nhi&ecirc;n, đ&oacute; c&oacute; thể l&agrave;&nbsp;<em><strong>Macallan</strong></em>&nbsp;trong thời kỳ đổi mới, v&agrave; dần trẻ hơn, hiện đại hơn. C&ograve;n nếu bạn muốn t&igrave;m về hương vị sherry cổ điển th&igrave; vẫn c&ograve;n kh&aacute; nhiều lựa chọn. Đầu ti&ecirc;n l&agrave; những chai&nbsp;<a href=\"https://maltco.asia/?s=macallan+sherry+oak&amp;post_type=product\">Sherry Oak</a>&nbsp;c&oacute; số năm tuổi, v&agrave; sau đ&oacute; ch&iacute;nh l&agrave; mẫu chai đặc biệt Macallan 10 năm Cask Strength.</p>',13,NULL,0,'2022-06-20 10:40:20','2022-06-29 10:45:08',NULL),(7,'Macallan Harmony Collection Rich Cacao','macallan-harmony-collection-rich-cacao',9900000,'700','44','Macallan Harmony Collection Rich Cacao được tạo ra từ hai loại thùng gỗ sồi Châu Âu và Mỹ (ủ sherry trước đó) và sẽ là sự kết hợp hoàn hảo với chocolate đậm đà. Chất rượu sẽ mang đến hương thơm của chocolate mềm, mật ong, gỗ sồi, chanh leo và gừng, trong khi vị sẽ là sự xuất hiện của chocolate đen, chà là, vani và quế. Macallan Harmony Collection Rich Cacao được đựng trong hộp trình bày có thế tái chế và phân hủy sinh học, thân thiện với tự nhiên, được làm từ chính các sản phẩm phụ trong quá trình sản xuất chocolate – đó là vỏ quả cacao',NULL,13,NULL,0,'2022-06-20 10:42:18','2022-06-29 10:44:45',NULL),(8,'Royal Salute 25 year old','royal-salute-25-year-old',5900000,'700','40','Royal Salute 25 Year Old Treasured Blend là sản phẩm nối tiếp đi sản đặc biệt của dòng Royal Salute nhà Chivas Brothers trong phong cách rượu Scotch Whisky được chế tác thủ công trang nhã. Đúng như cái tên: Treasured Blend, đây là một kho báu thực sự đáng để khám phá, mọi chi tiết đều tinh tế, từ bản thân chất rượu cho đến bình gốm hay chiếc cờ hiệu chạm khắc tinh xảo trên những chất liệu sang trọng bậc nhất','<h2>Đ&aacute;nh gi&aacute; Royal Salute 25 Year Old</h2>\r\n\r\n<h3>Giới thiệu về Royal Salute 25 Year Old</h3>\r\n\r\n<p><em><strong>Royal Salute 25 Year Old Treasured Blend</strong></em>&nbsp;l&agrave; sản phẩm nối tiếp đi sản đặc biệt của d&ograve;ng Royal Salute nh&agrave; Chivas Brothers trong phong c&aacute;ch rượu Scotch Whisky được chế t&aacute;c thủ c&ocirc;ng trang nh&atilde;. Đ&uacute;ng như c&aacute;i t&ecirc;n: Treasured Blend, đ&acirc;y l&agrave; một kho b&aacute;u thực sự đ&aacute;ng để kh&aacute;m ph&aacute;, mọi chi tiết đều tinh tế, từ bản th&acirc;n chất rượu cho đến b&igrave;nh gốm hay chiếc cờ hiệu chạm khắc tinh xảo tr&ecirc;n những chất liệu sang trọng bậc nhất.</p>\r\n\r\n<p>Với b&agrave;n tay v&agrave; chiếc mũi t&agrave;i hoa của Master Blender Sandy Hyslop,&nbsp;<em><strong>Royal Salute 25 Year Old Treasured Blend</strong></em>&nbsp;l&agrave; sự pha trộn của những loại whisky qu&yacute; gi&aacute; của nh&agrave; Chivas, trưởng th&agrave;nh v&ocirc; c&ugrave;ng &ldquo;ki&ecirc;n nhẫn&rdquo; trong tối thiểu 25 năm. Sandy Hyslop cũng sử dụng kh&aacute; nhiều loại Malt whisky qu&yacute; hiếm, thậm ch&iacute; của những nh&agrave; m&aacute;y đ&atilde; đ&oacute;ng cửa từ rất l&acirc;u.&nbsp;<em><strong>Royal Salute 25 Year Old Treasured Blend</strong></em>&nbsp;sở hữu mọi chi tiết mạ v&agrave;ng, phần n&uacute;t chai được trang tr&iacute; bằng trang sức. Mỗi chai được đ&aacute;nh số ri&ecirc;ng lẻ để thể hiện t&iacute;nh ch&iacute;nh x&aacute;c, độ hiếm v&agrave; t&iacute;nh độc nhất của sản phẩm. H&igrave;nh minh họa b&ecirc;n trong hộp cho thấy h&igrave;nh ảnh chiếc vương miện v&agrave; tất cả c&aacute;c giai thoại của Ho&agrave;ng gia Anh m&agrave; ch&iacute;nh Royal Salute đ&atilde; chứng kiến những thời khắc lịch sử đ&oacute;.</p>\r\n\r\n<p><em><strong>Royal Salute 25 Year Old Treasured Blend</strong></em>&nbsp;được đ&oacute;ng chai ở mức 40% ABV, dung t&iacute;ch 700ml v&agrave; d&agrave;nh ri&ecirc;ng cho thị trường miễn thuế du lịch tại một số s&acirc;n bay lớn.</p>\r\n\r\n<h3>Mua&nbsp;<em><strong>Royal Salute 25 Year Old Treasured Blend</strong></em>&nbsp;ở đ&acirc;u?</h3>\r\n\r\n<p>Như đ&atilde; n&oacute;i ở tr&ecirc;n,&nbsp;<em><strong>Royal Salute 25 Year Old Treasured Blend</strong></em>&nbsp;&nbsp;được chế t&aacute;c thủ c&ocirc;ng, n&ecirc;n việc ch&uacute;ng c&oacute; số lượng rất &iacute;t l&agrave; điều dễ hiểu. Tại Việt Nam, giống như những chai Royal Salute kh&aacute;c, ch&uacute;ng ta vẫn thường gọi ch&uacute;ng l&agrave;&nbsp;<em><strong>Chivas 25</strong></em>, tất nhi&ecirc;n bạn c&oacute; thể gọi bằng bất cứ c&aacute;i t&ecirc;n n&agrave;o.</p>\r\n\r\n<p>Cho d&ugrave; kh&ocirc;ng dễ t&igrave;m kiếm, nhưng bạn c&oacute; thể mua&nbsp;<em><strong>Royal Salute 25 Year Old Treasured Blend</strong></em>&nbsp;tại Malt &amp; Co. bằng c&aacute;ch trực tiếp đến cửa h&agrave;ng tại H&agrave; Nội hoặc đặt h&agrave;ng online th&ocirc;ng qua c&aacute;c k&ecirc;nh&nbsp;<a href=\"https://www.facebook.com/maltandcovietnam\" rel=\"noopener\" target=\"_blank\">Facebook</a>, Website hoặc Zalo. Ch&uacute;ng t&ocirc;i giao h&agrave;ng tr&ecirc;n to&agrave;n quốc, v&agrave; giao h&agrave;ng si&ecirc;u tốc tại H&agrave; Nội.</p>\r\n\r\n<h2>Đ&ocirc;i n&eacute;t về nh&agrave; Chivas Regal &amp; Royal Salute</h2>\r\n\r\n<h3>Lịch sử ra đời Chivas Brothers</h3>\r\n\r\n<p>Chivas Brothers bắt nguồn từ Aberdeen v&agrave;o năm 1801, khi John Forrest th&agrave;nh lập một cửa h&agrave;ng tạp h&oacute;a v&agrave; bu&ocirc;n b&aacute;n rượu, n&oacute; được truyền lại cho William Edward, người được James Chivas kết nạp v&agrave;o c&ocirc;ng ty v&agrave;o năm 1838. Chivas Regal lần đầu ti&ecirc;n được giới thiệu như một loại Blended Whisky sang trọng 25 năm tuổi v&agrave;o năm 1909, v&agrave; nhanh ch&oacute;ng được y&ecirc;u th&iacute;ch tại Hoa Kỳ.</p>\r\n\r\n<p>Trước sự th&agrave;nh c&ocirc;ng đ&oacute;, tập đo&agrave;n đồ uống khổng lồ của Canada: Seagram Co. đ&atilde; mua lại Chivas Brothers v&agrave;o năm 1949, bổ sung th&ecirc;m nh&agrave; m&aacute;y chưng cất Strathisla tại Keith v&agrave;o danh s&aacute;ch c&aacute;c thương hiệu của họ. Năm 1957, một nh&agrave; m&aacute;y chưng cất anh em nữa, l&agrave; Glen Keith được x&acirc;y dựng gần Strathisla, trong khi Keith Bond được ph&aacute;t triển như một cơ sở pha trộn v&agrave; trưởng th&agrave;nh whisky, dần dần được mở rộng theo thời gian. Doanh số b&aacute;n rượu whisky tăng trưởng trong những năm 1970 đ&atilde; khiến Chivas x&acirc;y dựng c&aacute;c nh&agrave; m&aacute;y chưng cất All-a-Bhainne v&agrave; Braes of Glenlivet (nay l&agrave; Braeval) để cung cấp th&ecirc;m lượng whisky tung ra thị trường.</p>\r\n\r\n<p>Năm 1975, Seagram mua Campbell Distilleries, sở hữu c&aacute;c nh&agrave; m&aacute;y chưng cất Aberlour, Glenallachie v&agrave; Edradour, v&agrave; The Glenlivet Distillers năm 1978, đưa c&aacute;c nh&agrave; m&aacute;y chưng cất The Glenlivet, Glen Grant, Longmorn v&agrave; Benriach thuộc sở hữu Chivas Brothers&rsquo;.</p>\r\n\r\n<p>Năm 2001 Pernod Ricard v&agrave; Diageo mua lại Seagram Spirts &amp; Wine, Pernod nắm quyền kiểm so&aacute;t c&aacute;c hoạt động rượu whisky của Chivas Brothers. Bốn năm sau, c&aacute;c nh&agrave; m&aacute;y chưng cất rượu whisky Scotch v&agrave; nh&atilde;n hiệu của Allied Domecq đ&atilde; được th&ecirc;m v&agrave;o danh mục đầu tư của Chivas, với Ballantine&rsquo;s l&agrave; điểm s&aacute;ng lớn nhất.</p>\r\n\r\n<p>Ng&agrave;y nay, Chivas Brothers l&agrave; c&ocirc;ng ty rượu whisky Scotch lớn thứ hai sau Diageo, v&agrave; h&atilde;ng đ&atilde; ch&iacute;nh thức khai trương nh&agrave; m&aacute;y chưng cất mạch nha hiện đại mới nhất của m&igrave;nh, Dalmunach, tại Carron gần s&ocirc;ng Spey v&agrave;o th&aacute;ng 6 năm 2015.</p>\r\n\r\n<h3>C&acirc;u chuyện của Chivas Regal</h3>\r\n\r\n<p>Sản phẩm đầu ti&ecirc;n mang t&ecirc;n Chivas Regal l&agrave; Chivas Regal 25 năm tuổi hướng tới tầng lớp thu nhập cao tại Hoa Kỳ. Với h&agrave;m lượng malt whisky cao hơn so với c&aacute;c sản phẩm blended whisky c&ugrave;ng thời kỳ, n&oacute; đ&atilde; chứng minh được sức h&uacute;t của m&igrave;nh với người ti&ecirc;u d&ugrave;ng. Kể từ đ&oacute;, với sự đầu tư đ&uacute;ng mức từ Chivas Brothers, c&aacute;c sản phẩm Chivas Regal li&ecirc;n tục ra mắt v&agrave; chiếm thị phần cực lớn trong ng&agrave;nh c&ocirc;ng nghiệp whisky to&agrave;n cầu.</p>\r\n\r\n<p>Trong suốt hơn 100 năm li&ecirc;n tục, Chivas Regal vẫn c&ugrave;ng Johnnie Walkers chia sẻ nhau những vị tr&iacute; đứng đầu trong thế giới whisky. Những chai Chivas Regal 12 năm tuổi, Chivas Regal 18 năm tuổi đ&atilde; trở n&ecirc;n phổ biến đến mức kể cả những người kh&ocirc;ng biết về whisky vẫn mơ hồ nhận biết được ch&uacute;ng.</p>\r\n\r\n<p>Cho d&ugrave; l&agrave; Blended Whisky v&agrave; c&oacute; phần lớn th&agrave;nh phần l&agrave;m từ whisky ngũ cốc (Grain whisky) nhưng Chivas Regal vẫn c&oacute; những đặc trưng của Single Malt Whisky v&ugrave;ng Speyside như hương t&aacute;o xanh, hương tr&aacute;i c&acirc;y v&agrave; vị mật ong điển h&igrave;nh.</p>\r\n\r\n<h3>Đ&ocirc;i n&eacute;t về thương hiệu Royal Salute</h3>\r\n\r\n<p>Royal Salute l&agrave; một thương hiệu thuộc nh&agrave; Chivas Brothers, hay n&oacute;i c&aacute;ch kh&aacute;c, đ&acirc;y l&agrave; một nh&aacute;nh của Chivas Regal nổi tiếng. Ch&iacute;nh v&igrave; thế, người Việt Nam vẫn c&oacute; th&oacute;i quen gọi ch&uacute;ng l&agrave; Chivas thay v&igrave; Royal Salute.</p>\r\n\r\n<p>Royal c&oacute; nghĩa l&agrave; &ldquo;Ho&agrave;ng gia&rdquo;. Salute c&oacute; nghĩa l&agrave; &ldquo;ch&agrave;o cờ&rdquo; hay một kiểu ch&agrave;o theo nghi thức. T&ecirc;n gọi n&agrave;y bắt nguồn từ chai whisky đầu ti&ecirc;n được mang t&ecirc;n Royal Salute, một chai 21 năm tuổi ra đời v&agrave;o năm 1953, nh&acirc;n lễ đăng quang của Nữ ho&agrave;ng Anh Elizabeth đệ nhị. N&oacute;i ch&iacute;nh x&aacute;c hơn, Royal Salute tượng trưng cho loạt đại b&aacute;c danh dự để ch&agrave;o mừng lễ đăng quang. Con số 21 tượng trưng cho 21 ph&aacute;t đại b&aacute;c, cũng thật may mắn, loại rượu n&agrave;y cũng đ&atilde; trưởng th&agrave;nh đủ 21 năm tuổi.</p>\r\n\r\n<p>Ch&iacute;nh v&igrave; thế, từ l&acirc;u Royal Salute đ&atilde; nghiễm nhi&ecirc;n được coi l&agrave; loại whisky d&agrave;nh cho Ho&agrave;ng gia, v&agrave; sau n&agrave;y, khi ch&uacute;ng trở n&ecirc;n đại ch&uacute;ng hơn, th&igrave; Royal Salute vẫn lu&ocirc;n được đặt trong ph&acirc;n kh&uacute;c cao cấp. Tất nhi&ecirc;n điều n&agrave;y cũng đi đ&ocirc;i với chất lượng.</p>\r\n\r\n<p>Cho đến hiện tại, Royal Salute đ&atilde; c&oacute; mặt trong nhiều sự kiện quan trọng của chế độ Qu&acirc;n chủ Anh. D&ograve;ng whisky n&agrave;y c&oacute; thể coi l&agrave; d&ograve;ng duy nhất tr&ecirc;n thế giới c&oacute; sản phẩm tuổi đời trẻ nhất cũng l&agrave; 21 năm tuổi. Điều n&agrave;y đ&atilde; đi liền với c&acirc;u ph&aacute;t biểu của h&atilde;ng: &ldquo;Ch&uacute;ng ta bắt đầu nơi người kh&aacute;c kết th&uacute;c&rdquo; &aacute;m chỉ việc whisky của họ l&acirc;u đời hơn hầu hết c&aacute;c sản phẩm kh&aacute;c tr&ecirc;n thị trường.</p>\r\n\r\n<p>Hiện nay, Royal Salute được coi l&agrave; &ldquo;Chivas d&ograve;ng cao cấp&rdquo; v&agrave; cũng chỉ c&oacute; duy nhất 4 loại sản phẩm ch&iacute;nh</p>\r\n\r\n<ul>\r\n	<li><a href=\"https://maltco.asia/scotch-whisky/san-pham/chivas-21-1l\" rel=\"noopener\" target=\"_blank\">Royal Salute 21 năm tuổi The Signature Blend</a>. Năm 2019, họ đ&atilde; ra mắt th&ecirc;m 2 phi&ecirc;n bản 21 năm tuổi kh&aacute;c, đ&oacute; l&agrave;&nbsp;<a href=\"https://maltco.asia/scotch-whisky/san-pham/royal-salute-21-the-malt-blend\" rel=\"noopener\" target=\"_blank\">Malts Blend</a>&nbsp;v&agrave; Lost Blend</li>\r\n	<li><a href=\"https://maltco.asia/scotch-whisky/san-pham/chivas-25-chai-su\" rel=\"noopener\" target=\"_blank\">Royal Salute 25 năm tuổi Treasure Blended</a>&nbsp;ra đời năm 2019</li>\r\n	<li><a href=\"https://maltco.asia/scotch-whisky/san-pham/chivas-38\" rel=\"noopener\" target=\"_blank\">Royal Salute 38 năm tuổi</a>&nbsp;với hai phi&ecirc;n bản 500ml v&agrave; 700ml</li>\r\n	<li>Royal Salute 62 năm tuổi Gun Salute, &aacute;m chỉ lễ duyệt binh với 62 ph&aacute;t đại b&aacute;c, thay v&igrave; 21 như phi&ecirc;n bản đầu ti&ecirc;n. Nếu như bạn chưa biết, th&igrave; sẽ c&oacute; 21 ph&aacute;t đại b&aacute;c bắn trong lễ đăng quang của nữ ho&agrave;ng, v&agrave; 41 ph&aacute;t c&ograve;n lại được bắn ở c&aacute;c địa điểm xung quanh nơi tổ chức.</li>\r\n</ul>\r\n\r\n<p>V&agrave; trong dịp Tết năm 2022, Pernod Ricard cũng đồng thời c&ocirc;ng bố loạt sản phẩm mới của d&ograve;ng Royal Salute, bao gồm Royal Salute 24 Exclusive Blended,&nbsp;<a href=\"https://maltco.asia/scotch-whisky/san-pham/royal-salute-26-year-old\" rel=\"noopener\" target=\"_blank\">Royal Salute 26 Year Old</a>, Royal Salute 30 Year Old, 3 phi&ecirc;n bản Royal Salute 21 Year Old giới hạn số lượng cho Tết Nh&acirc;m Dần, đặc biệt l&agrave;&nbsp;<a href=\"https://maltco.asia/scotch-whisky/san-pham/royal-salute-24-year-old\" rel=\"noopener\" target=\"_blank\">phi&ecirc;n bản Tết của Royal Salute 24 năm tuổi</a>.</p>',23,NULL,1,'2022-06-21 02:57:02','2022-06-29 10:44:21',NULL),(9,'Royal Salute 23 Year Old','royal-salute-23-year-old',4100000,'700','40','Royal Salute 23 Year Old là phiên bản độc quyền giành cho thị trường Đài Loan – thị trường khó tính bậc nhất thế giới. Điều đó cũng là yếu tố quan trọng khẳng định chất lượng của chai whisky tuyệt hảo này. Được thiết kế cùng phong cách với Royal Salute 21, chai whisky này sở hữu chai sứ và vỏ hộp kiểu mới vô cùng đẹp mắt. Royal Salute 23 năm tuổi được tạo ra để tôn vinh vẻ đẹp thiên nhiên của hòn đảo Formosa – Đài Loan. Với những hương vị sang trọng và tinh tế, đây là chai whisky xứng đáng để bạn thưởng thức.',NULL,23,NULL,1,'2022-06-21 02:58:03','2022-06-29 10:44:00',NULL),(10,'Royal Salute 21 Year Old – The Signature Blend 700ml','royal-salute-21-year-old-–-the-signature-blend-700ml',2650000,'700','40','<p>Trong c&aacute;c loại Rượu Chivas, <u><strong>Royal Salute 21 Year Old &ndash; The Signature Blend</strong></u> hay c&ograve;n gọi l&agrave; Chivas 21 l&agrave; một kết hợp thật sự kh&aacute;c biệt của những nguy&ecirc;n liệu hiếm c&oacute;. Được c&ocirc;ng nhận l&agrave; loại whisky tuyệt hảo đầu ti&ecirc;n của xứ Scotland bởi những nh&agrave; am hiểu, Royal Salute được tạo n&ecirc;n bởi Chivas Brothers để mừng lễ đăng quang của Nữ ho&agrave;ng Elizabeth II v&agrave;o năm 1953. Chivas 21 c&oacute; thiết kế vỏ chai cầu k&igrave; với nhiều hoa văn ch&igrave;m nổi (đầu sư tử v&agrave; 2 khẩu đại b&aacute;c quen thuộc nh&agrave; Chivas). Rượu c&oacute; hương thơm phong ph&uacute;, hương tr&aacute;i c&acirc;y, hương của l&ecirc; ngọt, tr&aacute;i c&acirc;y kh&ocirc;, sherry, vani, thoảng m&ugrave;i kh&oacute;i. Rượu c&oacute; vị của tr&aacute;i c&acirc;y, vị kh&oacute;i, vị ngọt của mứt cam, tr&aacute;i l&ecirc;, gia vị. Hậu vị k&eacute;o d&agrave;i ấm &aacute;p</p>','<h2>Đ&aacute;nh gi&aacute; Royal Salute 21 The Signature Blend 700 ml</h2>\r\n\r\n<h3>Giới thiệu về Royal Salute 21 The Signature Blend 700ml</h3>\r\n\r\n<p><em><strong>Royal Salute 21 Year Old &ndash; The Signature Blend</strong></em>&nbsp;l&agrave; t&ecirc;n đầy đủ của chai whisky nổi tiếng, vẫn thường được gọi l&agrave; Royal Salute 21, hoặc như phần lớn người Việt vẫn gọi th&acirc;n quen l&agrave; Chivas 21. Trước đ&acirc;y, h&atilde;ng chỉ c&oacute; duy nhất một sản phẩm 21 năm tuổi, nhưng trong những năm gần đ&acirc;y, họ đ&atilde; ra mắt th&ecirc;m nhiều phi&ecirc;n bản kh&aacute;c như Malt Blend, Lost Blend&hellip; cũng v&igrave; thế, Malt &amp; Co sẽ gọi đ&acirc;y l&agrave; Signature Blend để dễ d&agrave;ng ph&acirc;n biệt.</p>\r\n\r\n<p>Royal c&oacute; nghĩa l&agrave; &ldquo;Ho&agrave;ng gia&rdquo;. Salute c&oacute; nghĩa l&agrave; &ldquo;ch&agrave;o cờ&rdquo; hay một kiểu ch&agrave;o theo nghi thức. T&ecirc;n gọi n&agrave;y bắt nguồn từ chai whisky đầu ti&ecirc;n được mang t&ecirc;n Royal Salute, một chai 21 năm tuổi ra đời v&agrave;o năm 1953, nh&acirc;n lễ đăng quang của Nữ ho&agrave;ng Anh Elizabeth đệ nhị. N&oacute;i ch&iacute;nh x&aacute;c hơn, Royal Salute tượng trưng cho loạt đại b&aacute;c danh dự để ch&agrave;o mừng lễ đăng quang. Con số 21 tượng trưng cho 21 ph&aacute;t đại b&aacute;c, cũng thật may mắn, loại rượu n&agrave;y cũng đ&atilde; trưởng th&agrave;nh đủ 21 năm tuổi. Với một lịch sử đ&aacute;ng tự h&agrave;o như thế, Malt &amp; Co vẫn lu&ocirc;n gọi ch&uacute;ng l&agrave; Royal Salute để thể hiện sự t&ocirc;n trọng của m&igrave;nh với thương hiệu.</p>\r\n\r\n<p><em><strong>Royal Salute 21 Year Old &ndash; The Signature Blend</strong></em>&nbsp;, giống như nhiều loại Blended Whisky của Chivas kh&aacute;c c&oacute; cơ sở l&agrave; mạch nha đơn được chiết xuất từ ​​c&aacute;c nh&agrave; m&aacute;y chưng cất thuộc sở hữu của Pernod Ricard như Allt A&rsquo;Bhainne, Braeval, Longmorn, Strathisla v&agrave; Tormore, mặc phần lớn mọi người đều cho rằng, chủ yếu l&agrave; sản phẩm của Strathisla.&nbsp;<em><strong>Royal Salute 21 Year Old &ndash; The Signature Blend</strong></em>&nbsp;được đ&oacute;ng chai với nồng độ 40% ABV v&agrave; được đựng trong một b&igrave;nh gốm do Wade sản xuất. Bạn hiện c&oacute; ba lựa chọn m&agrave;u sắc của b&igrave;nh: xanh dương, xanh l&aacute; c&acirc;y hoặc đỏ (Hoặc Sapphire, Emerald v&agrave; Ruby), v&agrave; tất nhi&ecirc;n, chất lượng l&agrave; kh&ocirc;ng đổi.</p>\r\n\r\n<h3>Royal Salute 21 The Signature Blend 70cl Tasting Notes</h3>\r\n\r\n<p>Hương: Ho&agrave;n to&agrave;n dễ chịu &ndash; vỏ cam, bưởi v&agrave; mật ong kết hợp với một số hương thơm cũ hơn của da thuộc v&agrave; c&oacute; ch&uacute;t cảm gi&aacute;c kim loại. S&acirc;u hơn, một &iacute;t hạt dẻ v&agrave; chocolate c&ugrave;ng gia vị quế v&agrave; gừng. C&oacute; thứ g&igrave; đ&oacute; hơi Nhật ở đ&acirc;y, giống như hương trầm hay gỗ đ&agrave;n hương vậy, nhưng rất nhẹ.</p>\r\n\r\n<p>Vị: Chất rượu mềm v&agrave; nhẹ gần như kh&ocirc;ng thấy g&igrave;. Mật ong, caramel, ngũ cốc nướng, đất v&agrave; tr&aacute;i c&acirc;y ngọt chua xen lẫn. Một lần nữa lại c&oacute; ch&uacute;t m&ugrave;i kim loại đi c&ugrave;ng với gỗ v&agrave; vani, vỏ c&acirc;y. Tất cả đều kh&aacute; tinh tế.</p>\r\n\r\n<p>Hậu vị: D&agrave;i với quả mọng v&agrave; gỗ chua l&agrave;m chủ đạo.</p>\r\n\r\n<h3>Mua Royal Salute 21 The Signature Blend 700ml ở đ&acirc;u?</h3>\r\n\r\n<p>Như đ&atilde; n&oacute;i ở tr&ecirc;n,&nbsp;<em><strong>Royal Salute 21 The Signature Blended 700ml</strong></em>&nbsp;tại Việt Nam thường được gọi l&agrave; Chivas 21 thậm ch&iacute; th&acirc;n thuộc hơn l&agrave; Vat 21.&nbsp;<em><strong>Royal Salute 21 The Signature Blended 700ml</strong></em>&nbsp;l&agrave; chai Blended Whisky cao cấp v&agrave; v&ocirc; c&ugrave;ng nổi tiếng của một trong những h&atilde;ng whisky lớn nhất thế giới &ndash; Chivas Regal thuộc tập đo&agrave;n Pernod Ricard, ch&iacute;nh v&igrave; thế bạn c&oacute; thể dễ d&agrave;ng t&igrave;m thấy ch&uacute;ng ở bất k&igrave; đ&acirc;u, đại l&yacute; lớn nhỏ, Bar, qu&aacute;n Karaoke, si&ecirc;u thị hay thậm ch&iacute; l&agrave; tiệm tạp h&oacute;a. Trước đ&acirc;y&nbsp;<em><strong>Royal Salute 21 The Signature Blended 700ml</strong></em>&nbsp;cũng c&oacute; kh&aacute; nhiều h&agrave;ng giả, nhưng hiện nay, gần như đ&atilde; kh&ocirc;ng c&ograve;n bởi Pernod Ricard đ&atilde; li&ecirc;n tục cập nhật mẫu m&atilde; c&ugrave;ng c&aacute;c c&ocirc;ng nghệ chống sao ch&eacute;p, v&agrave; ch&uacute;ng ta sẽ dễ d&agrave;ng mua được rượu thật ở bất cứ đ&acirc;u.</p>\r\n\r\n<p>Bạn c&oacute; thể mua&nbsp;<em><strong>Royal Salute 21 The Signature Blended 700ml</strong></em>&nbsp;tại Malt &amp; Co. bằng c&aacute;ch trực tiếp đến cửa h&agrave;ng tại H&agrave; Nội hoặc đặt h&agrave;ng online th&ocirc;ng qua c&aacute;c k&ecirc;nh&nbsp;<a href=\"https://www.facebook.com/maltandcovietnam\" rel=\"noopener\" target=\"_blank\">Facebook</a>, Website hoặc Zalo. Ch&uacute;ng t&ocirc;i giao h&agrave;ng tr&ecirc;n to&agrave;n quốc, v&agrave; giao h&agrave;ng si&ecirc;u tốc tại H&agrave; Nội.</p>\r\n\r\n<h2>Đ&ocirc;i n&eacute;t về nh&agrave; Chivas Regal &amp; Royal Salute</h2>\r\n\r\n<h3>Lịch sử ra đời Chivas Brothers</h3>\r\n\r\n<p>Chivas Brothers bắt nguồn từ Aberdeen v&agrave;o năm 1801, khi John Forrest th&agrave;nh lập một cửa h&agrave;ng tạp h&oacute;a v&agrave; bu&ocirc;n b&aacute;n rượu, n&oacute; được truyền lại cho William Edward, người được James Chivas kết nạp v&agrave;o c&ocirc;ng ty v&agrave;o năm 1838. Chivas Regal lần đầu ti&ecirc;n được giới thiệu như một loại Blended Whisky sang trọng 25 năm tuổi v&agrave;o năm 1909, v&agrave; nhanh ch&oacute;ng được y&ecirc;u th&iacute;ch tại Hoa Kỳ.</p>\r\n\r\n<p>Trước sự th&agrave;nh c&ocirc;ng đ&oacute;, tập đo&agrave;n đồ uống khổng lồ của Canada: Seagram Co. đ&atilde; mua lại Chivas Brothers v&agrave;o năm 1949, bổ sung th&ecirc;m nh&agrave; m&aacute;y chưng cất Strathisla tại Keith v&agrave;o danh s&aacute;ch c&aacute;c thương hiệu của họ. Năm 1957, một nh&agrave; m&aacute;y chưng cất anh em nữa, l&agrave; Glen Keith được x&acirc;y dựng gần Strathisla, trong khi Keith Bond được ph&aacute;t triển như một cơ sở pha trộn v&agrave; trưởng th&agrave;nh whisky, dần dần được mở rộng theo thời gian. Doanh số b&aacute;n rượu whisky tăng trưởng trong những năm 1970 đ&atilde; khiến Chivas x&acirc;y dựng c&aacute;c nh&agrave; m&aacute;y chưng cất All-a-Bhainne v&agrave; Braes of Glenlivet (nay l&agrave; Braeval) để cung cấp th&ecirc;m lượng whisky tung ra thị trường.</p>\r\n\r\n<p>Năm 1975, Seagram mua Campbell Distilleries, sở hữu c&aacute;c nh&agrave; m&aacute;y chưng cất Aberlour, Glenallachie v&agrave; Edradour, v&agrave; The Glenlivet Distillers năm 1978, đưa c&aacute;c nh&agrave; m&aacute;y chưng cất The Glenlivet, Glen Grant, Longmorn v&agrave; Benriach thuộc sở hữu Chivas Brothers&rsquo;.</p>\r\n\r\n<p>Năm 2001 Pernod Ricard v&agrave; Diageo mua lại Seagram Spirts &amp; Wine, Pernod nắm quyền kiểm so&aacute;t c&aacute;c hoạt động rượu whisky của Chivas Brothers. Bốn năm sau, c&aacute;c nh&agrave; m&aacute;y chưng cất rượu whisky Scotch v&agrave; nh&atilde;n hiệu của Allied Domecq đ&atilde; được th&ecirc;m v&agrave;o danh mục đầu tư của Chivas, với Ballantine&rsquo;s l&agrave; điểm s&aacute;ng lớn nhất.</p>\r\n\r\n<p>Ng&agrave;y nay, Chivas Brothers l&agrave; c&ocirc;ng ty rượu whisky Scotch lớn thứ hai sau Diageo, v&agrave; h&atilde;ng đ&atilde; ch&iacute;nh thức khai trương nh&agrave; m&aacute;y chưng cất mạch nha hiện đại mới nhất của m&igrave;nh, Dalmunach, tại Carron gần s&ocirc;ng Spey v&agrave;o th&aacute;ng 6 năm 2015.</p>\r\n\r\n<h3>C&acirc;u chuyện của Chivas Regal</h3>\r\n\r\n<p>Sản phẩm đầu ti&ecirc;n mang t&ecirc;n Chivas Regal l&agrave; Chivas Regal 25 năm tuổi hướng tới tầng lớp thu nhập cao tại Hoa Kỳ. Với h&agrave;m lượng malt whisky cao hơn so với c&aacute;c sản phẩm blended whisky c&ugrave;ng thời kỳ, n&oacute; đ&atilde; chứng minh được sức h&uacute;t của m&igrave;nh với người ti&ecirc;u d&ugrave;ng. Kể từ đ&oacute;, với sự đầu tư đ&uacute;ng mức từ Chivas Brothers, c&aacute;c sản phẩm Chivas Regal li&ecirc;n tục ra mắt v&agrave; chiếm thị phần cực lớn trong ng&agrave;nh c&ocirc;ng nghiệp whisky to&agrave;n cầu.</p>\r\n\r\n<p>Trong suốt hơn 100 năm li&ecirc;n tục, Chivas Regal vẫn c&ugrave;ng Johnnie Walkers chia sẻ nhau những vị tr&iacute; đứng đầu trong thế giới whisky. Những chai Chivas Regal 12 năm tuổi, Chivas Regal 18 năm tuổi đ&atilde; trở n&ecirc;n phổ biến đến mức kể cả những người kh&ocirc;ng biết về whisky vẫn mơ hồ nhận biết được ch&uacute;ng.</p>\r\n\r\n<p>Cho d&ugrave; l&agrave; Blended Whisky v&agrave; c&oacute; phần lớn th&agrave;nh phần l&agrave;m từ whisky ngũ cốc (Grain whisky) nhưng Chivas Regal vẫn c&oacute; những đặc trưng của Single Malt Whisky v&ugrave;ng Speyside như hương t&aacute;o xanh, hương tr&aacute;i c&acirc;y v&agrave; vị mật ong điển h&igrave;nh.</p>\r\n\r\n<h3>Đ&ocirc;i n&eacute;t về thương hiệu Royal Salute</h3>\r\n\r\n<p>Royal Salute l&agrave; một thương hiệu thuộc nh&agrave; Chivas Brothers, hay n&oacute;i c&aacute;ch kh&aacute;c, đ&acirc;y l&agrave; một nh&aacute;nh của Chivas Regal nổi tiếng. Ch&iacute;nh v&igrave; thế, người Việt Nam vẫn c&oacute; th&oacute;i quen gọi ch&uacute;ng l&agrave; Chivas thay v&igrave; Royal Salute.</p>\r\n\r\n<p>Royal c&oacute; nghĩa l&agrave; &ldquo;Ho&agrave;ng gia&rdquo;. Salute c&oacute; nghĩa l&agrave; &ldquo;ch&agrave;o cờ&rdquo; hay một kiểu ch&agrave;o theo nghi thức. T&ecirc;n gọi n&agrave;y bắt nguồn từ chai whisky đầu ti&ecirc;n được mang t&ecirc;n Royal Salute, một chai 21 năm tuổi ra đời v&agrave;o năm 1953, nh&acirc;n lễ đăng quang của Nữ ho&agrave;ng Anh Elizabeth đệ nhị. N&oacute;i ch&iacute;nh x&aacute;c hơn, Royal Salute tượng trưng cho loạt đại b&aacute;c danh dự để ch&agrave;o mừng lễ đăng quang. Con số 21 tượng trưng cho 21 ph&aacute;t đại b&aacute;c, cũng thật may mắn, loại rượu n&agrave;y cũng đ&atilde; trưởng th&agrave;nh đủ 21 năm tuổi.</p>\r\n\r\n<p>Ch&iacute;nh v&igrave; thế, từ l&acirc;u Royal Salute đ&atilde; nghiễm nhi&ecirc;n được coi l&agrave; loại whisky d&agrave;nh cho Ho&agrave;ng gia, v&agrave; sau n&agrave;y, khi ch&uacute;ng trở n&ecirc;n đại ch&uacute;ng hơn, th&igrave; Royal Salute vẫn lu&ocirc;n được đặt trong ph&acirc;n kh&uacute;c cao cấp. Tất nhi&ecirc;n điều n&agrave;y cũng đi đ&ocirc;i với chất lượng.</p>\r\n\r\n<p>Cho đến hiện tại, Royal Salute đ&atilde; c&oacute; mặt trong nhiều sự kiện quan trọng của chế độ Qu&acirc;n chủ Anh. D&ograve;ng whisky n&agrave;y c&oacute; thể coi l&agrave; d&ograve;ng duy nhất tr&ecirc;n thế giới c&oacute; sản phẩm tuổi đời trẻ nhất cũng l&agrave; 21 năm tuổi. Điều n&agrave;y đ&atilde; đi liền với c&acirc;u ph&aacute;t biểu của h&atilde;ng: &ldquo;Ch&uacute;ng ta bắt đầu nơi người kh&aacute;c kết th&uacute;c&rdquo; &aacute;m chỉ việc whisky của họ l&acirc;u đời hơn hầu hết c&aacute;c sản phẩm kh&aacute;c tr&ecirc;n thị trường.</p>\r\n\r\n<p>Hiện nay, Royal Salute được coi l&agrave; &ldquo;Chivas d&ograve;ng cao cấp&rdquo; v&agrave; cũng chỉ c&oacute; duy nhất 4 loại sản phẩm ch&iacute;nh</p>\r\n\r\n<ul>\r\n	<li><a href=\"https://maltco.asia/scotch-whisky/san-pham/chivas-21-1l\" rel=\"noopener\" target=\"_blank\">Royal Salute 21 năm tuổi The Signature Blend</a>. Năm 2019, họ đ&atilde; ra mắt th&ecirc;m 2 phi&ecirc;n bản 21 năm tuổi kh&aacute;c, đ&oacute; l&agrave;&nbsp;<a href=\"https://maltco.asia/scotch-whisky/san-pham/royal-salute-21-the-malt-blend\" rel=\"noopener\" target=\"_blank\">Malts Blend</a>&nbsp;v&agrave; Lost Blend</li>\r\n	<li><a href=\"https://maltco.asia/scotch-whisky/san-pham/chivas-25-chai-su\" rel=\"noopener\" target=\"_blank\">Royal Salute 25 năm tuổi Treasure Blended</a>&nbsp;ra đời năm 2019</li>\r\n	<li><a href=\"https://maltco.asia/scotch-whisky/san-pham/chivas-38\" rel=\"noopener\" target=\"_blank\">Royal Salute 38 năm tuổi</a>&nbsp;với hai phi&ecirc;n bản 500ml v&agrave; 700ml</li>\r\n	<li>Royal Salute 62 năm tuổi Gun Salute, &aacute;m chỉ lễ duyệt binh với 62 ph&aacute;t đại b&aacute;c, thay v&igrave; 21 như phi&ecirc;n bản đầu ti&ecirc;n. Nếu như bạn chưa biết, th&igrave; sẽ c&oacute; 21 ph&aacute;t đại b&aacute;c bắn trong lễ đăng quang của nữ ho&agrave;ng, v&agrave; 41 ph&aacute;t c&ograve;n lại được bắn ở c&aacute;c địa điểm xung quanh nơi tổ chức.</li>\r\n</ul>\r\n\r\n<p>V&agrave; trong dịp Tết năm 2022, Pernod Ricard cũng đồng thời c&ocirc;ng bố loạt sản phẩm mới của d&ograve;ng Royal Salute, bao gồm Royal Salute 24 Exclusive Blended,&nbsp;<a href=\"https://maltco.asia/scotch-whisky/san-pham/royal-salute-26-year-old\" rel=\"noopener\" target=\"_blank\">Royal Salute 26 Year Old</a>, Royal Salute 30 Year Old, 3 phi&ecirc;n bản Royal Salute 21 Year Old giới hạn số lượng cho Tết Nh&acirc;m Dần, đặc biệt l&agrave;&nbsp;<a href=\"https://maltco.asia/scotch-whisky/san-pham/royal-salute-24-year-old\" rel=\"noopener\" target=\"_blank\">phi&ecirc;n bản Tết của Royal Salute 24 năm tuổi</a>.</p>',23,NULL,1,'2022-06-21 03:00:17','2022-07-01 04:19:27',NULL),(12,'Royal Salute 21 The Malts Blend','royal-salute-21-the-malts-blend',2950000,'700','40','Royal Salute 21 The Malts Blend ra đời năm 2019 cùng mẫu chai mới của loạt The Signature Blend truyền thống. Đây là dòng whisky cao cấp của nhà Chivas Brothers. Chai whisky này, đúng như tên gọi, là hỗn hợp của 21 loại single malt whisky từ nhiều nhà máy. Royal Salute 21 The Malts Blend ngọt ngào và ngậy như kem với hương vani, chuối, quả lê xuyên suốt trước khi kết thúc tràn đầy đinh hương và gia vị gỗ sồi.','<h2>Royal Salute 21 The Malts Blend</h2>\r\n\r\n<h3>Đ&ocirc;i n&eacute;t về thương hiệu Royal Salute</h3>\r\n\r\n<p>Royal Salute l&agrave; một thương hiệu thuộc nh&agrave; Chivas Brothers, hay n&oacute;i c&aacute;ch kh&aacute;c, đ&acirc;y l&agrave; một nh&aacute;nh của Chivas Regal nổi tiếng. Ch&iacute;nh v&igrave; thế, người Việt Nam vẫn c&oacute; th&oacute;i quen gọi ch&uacute;ng l&agrave; Chivas thay v&igrave; Royal Salute.</p>\r\n\r\n<p>Royal c&oacute; nghĩa l&agrave; &ldquo;Ho&agrave;ng gia&rdquo;. Salute c&oacute; nghĩa l&agrave; &ldquo;ch&agrave;o cờ&rdquo; hay một kiểu ch&agrave;o theo nghi thức. T&ecirc;n gọi n&agrave;y bắt nguồn từ chai whisky đầu ti&ecirc;n được mang t&ecirc;n Royal Salute, một chai 21 năm tuổi ra đời v&agrave;o năm 1953, nh&acirc;n lễ đăng quang của Nữ ho&agrave;ng Anh Elizabeth đệ nhị. N&oacute;i ch&iacute;nh x&aacute;c hơn, Royal Salute tượng trưng cho loạt đại b&aacute;c danh dự để ch&agrave;o mừng lễ đăng quang. Con số 21 tượng trưng cho 21 ph&aacute;t đại b&aacute;c, cũng thật may mắn, loại rượu n&agrave;y cũng đ&atilde; trưởng th&agrave;nh đủ 21 năm tuổi.</p>\r\n\r\n<p>Ch&iacute;nh v&igrave; thế, từ l&acirc;u Royal Salute đ&atilde; nghiễm nhi&ecirc;n được coi l&agrave; loại whisky d&agrave;nh cho Ho&agrave;ng gia, v&agrave; sau n&agrave;y, khi ch&uacute;ng trở n&ecirc;n đại ch&uacute;ng hơn, th&igrave; Royal Salute vẫn lu&ocirc;n được đặt trong ph&acirc;n kh&uacute;c cao cấp. Tất nhi&ecirc;n điều n&agrave;y cũng đi đ&ocirc;i với chất lượng.</p>\r\n\r\n<p>Cho đến hiện tại, Royal Salute đ&atilde; c&oacute; mặt trong nhiều sự kiện quan trọng của chế độ Qu&acirc;n chủ Anh. D&ograve;ng whisky n&agrave;y c&oacute; thể coi l&agrave; d&ograve;ng duy nhất tr&ecirc;n thế giới c&oacute; sản phẩm tuổi đời trẻ nhất cũng l&agrave; 21 năm tuổi. Điều n&agrave;y đ&atilde; đi liền với c&acirc;u ph&aacute;t biểu của h&atilde;ng: &ldquo;Ch&uacute;ng ta bắt đầu nơi người kh&aacute;c kết th&uacute;c&rdquo; &aacute;m chỉ việc whisky của họ l&acirc;u đời hơn hầu hết c&aacute;c sản phẩm kh&aacute;c tr&ecirc;n thị trường.</p>\r\n\r\n<p>Hiện nay, Royal Salute được coi l&agrave; &ldquo;Chivas d&ograve;ng cao cấp&rdquo; v&agrave; cũng chỉ c&oacute; duy nhất 4 loại sản phẩm ch&iacute;nh</p>\r\n\r\n<ul>\r\n	<li>Royal Salute 21 năm tuổi The Signature Blend. Năm 2019, họ đ&atilde; ra mắt th&ecirc;m 2 phi&ecirc;n bản 21 năm tuổi kh&aacute;c, đ&oacute; l&agrave; Malts Blend v&agrave; Lost Blend</li>\r\n	<li>Royal Salute 25 năm tuổi Treasure Blended ra đời năm 2019</li>\r\n	<li>Royal Salute 38 năm tuổi với hai phi&ecirc;n bản 500ml v&agrave; 700ml</li>\r\n	<li>Royal Salute 62 năm tuổi Gun Salute, &aacute;m chỉ lễ duyệt binh với 62 ph&aacute;t đại b&aacute;c, thay v&igrave; 21 như phi&ecirc;n bản đầu ti&ecirc;n. Nếu như bạn chưa biết, th&igrave; sẽ c&oacute; 21 ph&aacute;t đại b&aacute;c bắn trong lễ đăng quang của nữ ho&agrave;ng, v&agrave; 41 ph&aacute;t c&ograve;n lại được bắn ở c&aacute;c địa điểm xung quanh nơi tổ chức.</li>\r\n</ul>\r\n\r\n<h3>Một Royal Salute 21 mới?</h3>\r\n\r\n<p>Nh&agrave; Chivas Brothers đ&atilde; giữ nguy&ecirc;n Royal Salute 21 h&agrave;ng chục năm qua đột nhi&ecirc;n đ&atilde; c&oacute; sự thay đổi lớn v&agrave;o năm 2019. Thiết kế chai v&agrave; vỏ hộp được l&agrave;m mới, mang đậm n&eacute;t văn h&oacute;a Ch&acirc;u &Acirc;u hơn. Rượu được đựng trong chiếc b&igrave;nh gốm tinh xảo v&agrave; đẹp mắt hơn, v&agrave; c&oacute; 3 m&agrave;u để kh&aacute;ch h&agrave;ng lựa chọn. Tất nhi&ecirc;n, họ vẫn giữ nguy&ecirc;n chất lượng v&agrave; phong c&aacute;ch whisky truyền thống của m&igrave;nh.</p>\r\n\r\n<p>Nhưng điểm nhấn lớn nhất trong sự trở m&igrave;nh của thương hiệu l&acirc;u đời v&agrave; qu&yacute; ph&aacute;i n&agrave;y đ&oacute; l&agrave; hai phi&ecirc;n bản mới của Royal Salute 21: The Malts Blend v&agrave; The Lost Blend.</p>\r\n\r\n<p>The Malts Blend &ndash; đ&uacute;ng như t&ecirc;n gọi, đ&acirc;y kh&ocirc;ng c&ograve;n l&agrave; một chai Blended Scotch Whisky như phi&ecirc;n bản truyền thống nữa, m&agrave; đ&atilde; trở th&agrave;nh Blended Malt Whisky (Rượu được pha trộn từ nhiều loại Malt whisky kh&aacute;c nhau &ndash; kh&ocirc;ng c&oacute; sự g&oacute;p mặt của Grain Whisky). Đ&acirc;y ch&iacute;nh l&agrave; chai Blended Malt đầu ti&ecirc;n của cả Royal Salute lẫn Chivas n&oacute;i chung.</p>\r\n\r\n<h3>Royal Salute 21 The Malts Blend &ndash; đỉnh cao mạch nha pha trộn</h3>\r\n\r\n<p>Bản Malts Blend ra mắt c&ugrave;ng l&uacute;c với diện mạo mới của bản 21 năm tuổi truyền thống. Tất cả ch&uacute;ng đều mang n&eacute;t đương đại về lịch sử phong ph&uacute; của Scotch whisky n&oacute;i chung với m&ocirc; tả đầy m&agrave;u sắc, m&ecirc; hoặc về Ho&agrave;ng gia Anh.</p>\r\n\r\n<p>Sandy Hyslop, Master Blender của Royal Salute cho biết: &ldquo;Giống như một bản giao hưởng, mỗi loại malt whisky đơn lẻ được biểu diễn trong chai whisky n&agrave;y đ&atilde; bổ sung v&agrave; n&acirc;ng cao hương vị c&ugrave;ng sự độc đ&aacute;o của nhau, c&ugrave;ng tạo ra th&agrave;nh phẩm cuối c&ugrave;ng l&agrave; sự trải nghiệm đặc biệt nhất.&rdquo;</p>\r\n\r\n<p>Chivas Brothers kh&ocirc;ng c&ocirc;ng bố cụ thể th&agrave;nh phần của chai whisky n&agrave;y, nhưng theo phỏng đo&aacute;n, đ&acirc;y l&agrave; hỗn hợp được tạo ra từ Single Malt Whisky của &iacute;t nhất 5 nh&agrave; m&aacute;y: Allt A&rsquo;Bhainne, Braeval, Longmorn, Strathisla and Tormore, đều thuộc sở hữu của Pernod Ricard.</p>\r\n\r\n<p>Vỏ chai cũng được l&agrave;m rất cầu kỳ v&agrave; ho&agrave;n to&agrave;n thủ c&ocirc;ng bởi những nghệ nh&acirc;n nổi tiếng tại v&ugrave;ng Wade. Mỗi mẫu chai sẽ mất tới 5-6 ng&agrave;y để sản xuất. Ch&uacute;ng ho&agrave;n to&agrave;n được đi&ecirc;u khắc bằng đất s&eacute;t Cornish, sau đ&oacute; được l&agrave;m kh&ocirc; tự nhi&ecirc;n (kh&ocirc;ng qua nung) v&agrave; ho&agrave;n thiện thủ c&ocirc;ng bằng tay với hai lớp tr&aacute;ng men để đảm bảo chất lượng rượu b&ecirc;n trong.</p>\r\n\r\n<p>&ldquo;Với Signature Blend (bản 21 năm tuổi truyền thống) bạn sẽ t&igrave;m thấy một ch&uacute;t ch&uacute;t hương vị của quả l&ecirc;, nhưng đối với Malts Blend, t&ocirc;i muốn l&agrave;m n&oacute; nổi bật hẳn l&ecirc;n với sự l&agrave;m nền của đ&agrave;o v&agrave; si r&ocirc; ngọt ng&agrave;o. T&ocirc;i đ&atilde; sử dụng th&ugrave;ng gỗ sồi Mỹ First-fill để tăng độ đậm, ngọt s&acirc;u với hương vani, v&agrave; kết quả ch&iacute;nh l&agrave; chai Malts Blend m&agrave; c&aacute;c bạn thưởng thức&rdquo; &ndash; Hyslop n&oacute;i.</p>\r\n\r\n<h2>Royal Salute 21 The Malts Blend &ndash; Tasting Notes</h2>\r\n\r\n<p>Royal Salute 21 năm tuổi Blended Malt đương nhi&ecirc;n hướng tới những người y&ecirc;u th&iacute;ch Malt whisky. Khi m&agrave; trong những năm gần đ&acirc;y, thế giới whisky dường như chỉ xoay quanh Single Malt Whisky v&agrave; Blended Whisky truyền thống (như Chivas) đang dần mất đi chỗ đứng, th&igrave; một sản phẩm như The Malts Blend l&agrave; rất cần thiết để khẳng định truyền thống v&agrave; phẩm chất của Royal Salute.</p>\r\n\r\n<p>Hương: Đ&agrave;o, qu&yacute;t, nho đen v&agrave; đặc biệt l&agrave; quả l&ecirc; rất nổi bật. Hoa violet rất tươi l&agrave;m nền cho cả qu&aacute; tr&igrave;nh giải ph&oacute;ng những hương vị ngọt ng&agrave;o v&agrave; trẻ trung n&oacute;i tr&ecirc;n.</p>\r\n\r\n<p>Vị: Ngậy như kem vani. C&aacute;c lớp hương vị hoa quả vẫn tỏ ra dồi d&agrave;o v&agrave; nhiều cảm x&uacute;c, đặc biệt với sự xuất hiện của chuối.</p>\r\n\r\n<p>Hậu vị: K&eacute;o d&agrave;i với đầy đủ c&aacute;c loại gia vị gỗ sồi c&ugrave;ng đinh hương tạo ra cảm gi&aacute;c cay nồng nhưng kh&ocirc;ng gắt.</p>',23,NULL,1,'2022-06-21 03:02:55','2022-06-29 10:42:23',NULL),(16,'Bowmore 10 Years Old','bowmore-10-years-old',1500000,'1000','40','Bowmore 10 – sản phẩm để bán lẻ cho kênh du lịch có tên là ‘Dark & Intense’, trưởng thành hoàn toàn trong thùng gỗ sồi Tây Ban Nha để mang đến những nốt hương đậm đà, cay nồng. Mũi có đầy nho khô, cam Seville, gia vị và xi-rô cây phong, trong vòm miệng có ghi chú của trái cây sẫm màu, nho khô và một chút muối biển.\r\n\r\nRượu Bowmore 10 ban đầu được phát hành cho thị trường Bán lẻ Du lịch, mạch nha đơn Bowmore 10 năm tuổi này là sự kết hợp giữa thùng gỗ Sherry Tây Ban Nha và thùng Hogsheads, dẫn đến sự cân bằng tuyệt vời giữa khói Islay ven biển cổ điển và vị ngọt Sherry phức hợp.','<p>Kh&oacute;i của Bowmore l&agrave; hương vị gợi nhớ cho người thưởng thức những ly Bowmore đến những đống lửa tr&ecirc;n b&atilde;i biển, sự h&ograve;a quyện ho&agrave;n hảo của vị gi&oacute; biển đặc trưng với ngũ cốc, hương cam, m&ugrave;i hoa nh&egrave; nhẹ v&agrave; b&ecirc;n dưới c&ugrave;ng l&agrave; một ch&uacute;t tr&aacute;i c&acirc;y nhiệt đới. Sự h&ograve;a quyện trưởng th&agrave;nh c&ugrave;ng thời gian, t&ocirc;i luyện l&ecirc;n những ly Bowmore trong th&ugrave;ng đầy qua thời gian d&agrave;i, khiến m&ugrave;i vị đ&oacute; trở th&agrave;nh m&ugrave;i thơm cơ bản, than b&ugrave;n dường như biến mất ho&agrave;n to&agrave;n.</p>\r\n\r\n<p>Một phần lớn sản phẩm sẽ được ủ trong rượu Sherry cũ, đưa Bowmore đi theo một con đường mới &ndash; hương vị của c&aacute;c loại tr&aacute;i c&acirc;y, s&ocirc; c&ocirc; la, c&agrave; ph&ecirc;, cam qu&yacute;t v&agrave; kh&oacute;i. Phần lớn lựa chọn sẽ giao thoa giữa 2 th&aacute;i cực n&agrave;y. Hầu hết Whisky của Bowmore được sản xuất v&agrave; ủ tr&ecirc;n đảo, với c&aacute;c kho chứa số 1 của nh&agrave; m&aacute;y được đặt ở c&aacute;c vị tr&iacute; đặc biệt về mặt kh&iacute; hậu : ẩm ướt v&agrave; lạnh lẽo. C&aacute;c hầm rượu n&agrave;y được đặt dưới mực nước hồ Loch Indaal v&agrave; một bức tường tạo l&ecirc;n &ldquo; bức tường biển &ldquo; của thị trấn Bowmore xinh đẹp &ndash; l&agrave; nơi l&yacute; tưởng cho sự trưởng th&agrave;nh l&acirc;u d&agrave;i.</p>',14,NULL,0,'2022-06-24 07:29:00','2022-06-29 10:41:58',NULL),(17,'Bowmore x Aston Martin 15 Year Old','bowmore-x-aston-martin-15-year-old',3690000,'1000','43','Bowmore x Aston Martin 15 Year Old được tạo ra nhằm tôn vinh chiếc Aston Martin Atom từ lâu đã trở thành một biểu tượng huyền thoại. Chai Single Malt Whisky 15 năm tuổi này thể hiện sự sang trọng và tinh tế tuyệt vời, ghi lại những hình ảnh đẹp và bày tỏ sự tôn kính với niềm đam mê sáng tạo của những nhà thiết kế xe hơi Aston Martin. Bowmore x Aston Martin 15 Year Old được lựa chọn thủ công từ những thùng Bourbon Firt fill và Hogshead, cho thấy một phong cách sang trọng và mới mẻ, kết hợp cùng phong thái và vẻ đẹp cổ điển, phá cách, mạnh mẽ của Aston Martin Atom.',NULL,14,3,0,'2022-06-24 07:44:03','2022-06-29 10:41:37',NULL),(18,'Bowmore x Aston Martin 18 Year Old','bowmore-x-aston-martin-18-year-old',4500000,'700','43','Bowmore x Aston Martin 18 Year Old là sự kết hợp tuyệt vời của hai gã khổng lồ trong ngành công nghiệp Whisky Scotch và Siêu xe. Lấy cảm hứng từ Aston Martin DB Mk III với tốc độ và hiệu suất “thần sầu”, Bowmore x Aston Martin 18 năm tuổi thỏa mãn tối đa về “hiệu suất” giá thành trên chất lượng. Được tạo ra từ các thùng Oloroso và Pedro Ximénez tốt nhất, đây là chai whisky tuyệt hảo và sang trọng rất đáng thưởng thức',NULL,14,3,0,'2022-06-24 07:45:06','2022-06-29 10:41:15',NULL),(20,'Leffe Vàng','leffe-vang',760000,'330','6.6','Leffe Vàng với nồng độ cồn là 6,6 %, có màu vàng, đây là dòng bia tu viện có loại men đặc biệt giúp tạo ra sản phẩm chất lượng cao với thành phần chính là mạch nha, ngô, nước, hoa bia và men bia giúp tạo cho màu sắc của bia có màu vàng tươi sáng, đồng thời đem đến cho người thưởng thức hương vị tinh tế nhất.\r\n\r\nBia leffe vàng thích hợp sử dụng trong các bữa tiệc sang trọng và giúp bạn dập ngay cơn khát tức thì, khiến cho người thưởng thức cảm thấy vô cùng sảng khoái. Loại bia này phù hợp với nhiều món ăn như: Thịt đỏ, các món ngọt và chua. Nhiệt độ thích hợp nhất cho leffe',NULL,4,NULL,0,'2022-06-24 07:49:22','2022-06-29 10:40:54',NULL),(21,'Leffe nâu','leffe-nau',760000,'330','6.5','Bia Bỉ Leffe nâu được xem là một trong những bia cổ đại nhất của nhân loại. Chúng bắt đầu được ủ từ những năm 1240. Đánh dấu sự phát triển trong ẩm thực và thẩm mĩ khẩu vị của con người. Bia leffe gắn liền với cái tên bia tu viện, sỡ dĩ bởi nó được sản xuất trong tu viện. Ban đầu, bia Bỉ nhập khẩu này chỉ được làm với mục đích phục vụ các thầy tu.\r\n\r\nTuy nhiên, những thầy tu nơi này, với lòng mến khách và cởi mở đặc trưng. Họ nhanh chóng biến Bia Bỉ Leffe nâu trở thành một loại bia cộng đồng. Những người hành hương xa sứ đến tu viện đều được họ thiết đãi long trọng. Sự một nhiều lên của lòng yêu mến bia Leffe dẫn họ đến quyết định xây dựng một nhà máy.',NULL,4,NULL,0,'2022-06-24 08:01:24','2022-06-29 10:40:23',NULL),(22,'Heineken Pháp','heineken-phap',560000,'250','5','Heineken là công ty sản xuất bia của Hà Lan, được Gerard Adriaan Heineken thành lập vào năm 1864 tại thành phố Amsterdam. Năm 2012, Heineken sở hữu khoảng 190 nhà máy bia tại hơn 70 quốc gia khác nhau. Heineken được là nhà sản xuất bia lớn thứ ba trên thế giới sau Anheuser-Busch InBev và SABMiller tính theo khối lượng. Nhà máy bia Heineken Hà Lan đặt tại Zoeterwoude, ‘s-Hertogenbosch và Wijlre. Nhà máy bia ban đầu tại Amsterdam bị đóng cửa vào năm 1988 và được bảo tồn như một bảo tàng với tên gọi là Heineken Experience.\r\n\r\nCông ty Heineken được thành lập khi Gerard Adriaan Heineken được 22 tuổi trên cơ sở mua lại từ một nhà máy bia có tên là De Hooiberg (Haystack) tại thành phố Amsterdam, Hà Lan. Vào năm 1873, Heineken chính thức ra đời ở thành phố Amsterdam. Mãi đến năm 1887, một nhà máy mới được xây dựng ở thành phố Amsterdam. Năm 1942, Alfred Heineken biến Heineken từ một cơ sở sản xuất đơn thuần thành một doanh nghiệp danh tiếng. Năm 1975, nhà máy mới tại Hà Lan đi vào hoạt động. Và đến năm 2003, Heineken Cold Filtered & Heineken Export được thay thế bằng Heineken.',NULL,4,NULL,0,'2022-06-24 08:03:30','2022-06-29 10:31:02',NULL);
/*!40000 ALTER TABLE `products` ENABLE KEYS */;
UNLOCK TABLES;

--
-- Table structure for table `roles`
--

DROP TABLE IF EXISTS `roles`;
/*!40101 SET @saved_cs_client     = @@character_set_client */;
/*!40101 SET character_set_client = utf8 */;
CREATE TABLE `roles` (
  `id` bigint(20) unsigned NOT NULL AUTO_INCREMENT,
  `name` varchar(255) COLLATE utf8mb4_unicode_ci NOT NULL,
  `created_at` timestamp NULL DEFAULT NULL,
  `updated_at` timestamp NULL DEFAULT NULL,
  PRIMARY KEY (`id`)
) ENGINE=InnoDB AUTO_INCREMENT=4 DEFAULT CHARSET=utf8mb4 COLLATE=utf8mb4_unicode_ci;
/*!40101 SET character_set_client = @saved_cs_client */;

--
-- Dumping data for table `roles`
--

LOCK TABLES `roles` WRITE;
/*!40000 ALTER TABLE `roles` DISABLE KEYS */;
INSERT INTO `roles` VALUES (1,'Root','2022-05-11 05:04:29','2022-05-11 05:04:29'),(2,'Admin','2022-05-11 05:04:29','2022-05-11 05:04:29'),(3,'Member','2022-05-11 05:04:29','2022-05-11 05:04:29');
/*!40000 ALTER TABLE `roles` ENABLE KEYS */;
UNLOCK TABLES;

--
-- Table structure for table `users`
--

DROP TABLE IF EXISTS `users`;
/*!40101 SET @saved_cs_client     = @@character_set_client */;
/*!40101 SET character_set_client = utf8 */;
CREATE TABLE `users` (
  `id` bigint(20) unsigned NOT NULL AUTO_INCREMENT,
  `name` varchar(255) COLLATE utf8mb4_unicode_ci NOT NULL,
  `email` varchar(255) COLLATE utf8mb4_unicode_ci NOT NULL,
  `password` varchar(255) COLLATE utf8mb4_unicode_ci NOT NULL,
  `email_verified_at` timestamp NULL DEFAULT NULL,
  `date_of_birth` varchar(255) COLLATE utf8mb4_unicode_ci NOT NULL,
  `phone` varchar(255) COLLATE utf8mb4_unicode_ci NOT NULL,
  `address` varchar(255) COLLATE utf8mb4_unicode_ci NOT NULL,
  `role_id` bigint(20) unsigned NOT NULL,
  `avatar` varchar(255) COLLATE utf8mb4_unicode_ci DEFAULT NULL,
  `remember_token` varchar(100) COLLATE utf8mb4_unicode_ci DEFAULT NULL,
  `created_at` timestamp NULL DEFAULT NULL,
  `updated_at` timestamp NULL DEFAULT NULL,
  PRIMARY KEY (`id`),
  UNIQUE KEY `users_email_unique` (`email`),
  KEY `users_role_id_foreign` (`role_id`),
  CONSTRAINT `users_role_id_foreign` FOREIGN KEY (`role_id`) REFERENCES `roles` (`id`)
) ENGINE=InnoDB AUTO_INCREMENT=26 DEFAULT CHARSET=utf8mb4 COLLATE=utf8mb4_unicode_ci;
/*!40101 SET character_set_client = @saved_cs_client */;

--
-- Dumping data for table `users`
--

LOCK TABLES `users` WRITE;
/*!40000 ALTER TABLE `users` DISABLE KEYS */;
INSERT INTO `users` VALUES (1,'Trần Văn Hiệp','tranhieptvh@gmail.com','$2y$10$EbXUXY3oWfSR2fW9kqT6he1FBLF0Ty6zuA197AFjL8G45sW1dmSl6',NULL,'30-07-1997','0985250657','Vĩnh Thịnh, Vĩnh Tường, Vĩnh Phúc',1,NULL,NULL,'2022-05-13 04:43:16','2022-05-13 04:43:16'),(2,'HiệpTV','hieptv@kaopiz.com','$2y$10$L.1c5OI5O/gZ3khkaXXPjuorNJxiBtI7/QdF.1mw//DX2UyYv.kMa',NULL,'30-07-1997','0985250657','Vĩnh Thịnh, Vĩnh Tường, Vĩnh Phúc',2,'uploads/images/user/1653281712_user.jpg','y9QUFXNMpkLEqOOACVyrlxOle4Fd0QIoayO8jclwkLU2qSKNuDE6OMHVrqme','2022-05-13 04:43:16','2022-05-23 04:55:12'),(3,'Trần Hiệp','tranhieptvh97@gmail.com','$2y$10$FmqU.pxdiUhJOWmOZM.NQuN/BTFKQuUT4brSTXB0MaH8z/GXisPGG',NULL,'30-07-1997','0985250657','Vĩnh Thịnh, Vĩnh Tường, Vĩnh Phúc',3,'uploads/images/user/1653281943_user.jpg',NULL,'2022-05-13 06:41:18','2022-05-23 04:59:03'),(4,'Trần Hiệp + 1','tranhieptvh97+1@gmail.com','$2y$10$hwxM7cIHMWWwJQY9BbUeM.dzEzM0B.tp/IYQ3wPX3/hL8zOksdcB.',NULL,'30-07-1997','0185250657','Số 1 Vĩnh Thịnh, Vĩnh Tường, Vĩnh Phúc 1',3,NULL,NULL,'2022-05-13 08:55:42','2022-05-13 09:18:54'),(8,'Trần Hiệp + 5','tranhieptvh97+5@gmail.com','$2y$10$fLEFPqW2M1WMCPOWY6I9SOqNyT.bWoco4fbrTkH22VuBrJoFS4JWO',NULL,'30-07-1997','0585250657','Số 5 Vĩnh Thịnh, Vĩnh Tường, Vĩnh Phúc',3,NULL,NULL,'2022-05-13 08:55:42','2022-05-13 08:55:42'),(9,'Trần Hiệp + 6','tranhieptvh97+6@gmail.com','$2y$10$CVqqg8JlRN5kEFk/XvUTd.T7GtIFJsbaVfz/I5.ZQMmokpaWnU83y',NULL,'30-07-1997','0685250657','Số 6 Vĩnh Thịnh, Vĩnh Tường, Vĩnh Phúc',3,NULL,NULL,'2022-05-13 08:55:42','2022-05-13 08:55:42'),(10,'Trần Hiệp + 7','tranhieptvh97+7@gmail.com','$2y$10$ELS7QymDIGi3rz5Yvkhx7uVFTYCj0EDh3fTebuTx/bwlMg6rxR/wG',NULL,'30-07-1997','0785250657','Số 7 Vĩnh Thịnh, Vĩnh Tường, Vĩnh Phúc',3,NULL,NULL,'2022-05-13 08:55:42','2022-05-13 08:55:42'),(11,'Trần Hiệp + 8','tranhieptvh97+8@gmail.com','$2y$10$K84vOBPV2da3KqTe8DdAT.AG.ceVSXnAbp705oe/dTLjECtytebHq',NULL,'30-07-1997','0885250657','Số 8 Vĩnh Thịnh, Vĩnh Tường, Vĩnh Phúc',3,NULL,NULL,'2022-05-13 08:55:42','2022-05-13 08:55:42'),(12,'Trần Hiệp + 9','tranhieptvh97+9@gmail.com','$2y$10$HFrGgL8Gw2m7t4ZPPu/Fp.wKP5pbQ/FtMu1FxFvX2iZUaYI8y2kuq',NULL,'30-07-1997','0985250657','Số 9 Vĩnh Thịnh, Vĩnh Tường, Vĩnh Phúc',3,NULL,NULL,'2022-05-13 08:55:42','2022-05-13 08:55:42'),(18,'Tran Van Hiep','tranhieptvh97+11@gmail.com','$2y$10$AMCB88BT8cedLKMXwT3oCO60.CTtylPCHOWt.cg0qYcixeCz7Sw6W',NULL,'18-05-2022','0985250657','Vinh Thinh',3,NULL,NULL,'2022-05-18 02:25:39','2022-05-18 02:25:39'),(19,'Tran Van Hiep','tranhieptvh+10@gmail.com','$2y$10$4h6axWenw7J6kavtWbd//OziP2hahffm5lTF4UaofH0iZhgLgAm3u',NULL,'30-07-1997','0985250657','Vinh Thinh',3,NULL,NULL,'2022-05-20 00:36:10','2022-05-20 00:36:10'),(21,'Tran Van Hiep','tranhieptvh+12@gmail.com','$2y$10$a2B5FqBv3mcIPYWEuCJIo.0gaHOujAOEouVCPYQalZGRfI0IwwCm2',NULL,'30-07-1997','0985250657','Vinh Thinh',3,NULL,NULL,'2022-05-20 00:36:50','2022-05-20 00:36:50'),(22,'Tran Van Hiep','tranhieptvh+13@gmail.com','$2y$10$xOCbaiEgCeYxVJw0V88fheue12xqnFAz0Gf.ol95C3r8eVEGBv6my',NULL,'30-07-1997','0985250657','Vinh Thinh',3,NULL,NULL,'2022-05-20 02:46:58','2022-05-20 02:46:58'),(23,'Tran Van Hiep','tranhieptvh+14@gmail.com','$2y$10$p4SaMmhHcDJtUrQ0wdn3u.z5ZybVAlBpbX5kgOR30U9V/GDk2qLpW',NULL,'30-07-1997','0985250657','Vinh Thinh',3,NULL,NULL,'2022-05-20 02:49:05','2022-05-20 02:49:05'),(24,'Tran Van Hiep','tranhieptvh+15@gmail.com','$2y$10$g2hFi.wK7J8wx0/QpK/Sdep1kk3e2tm9Mm7BfO.fP9ojNeqmyI/Hy',NULL,'30-07-1997','0985250657','Vinh Thinh',3,'uploads/images/user/user_1653560791.jpg',NULL,'2022-05-20 02:49:29','2022-05-26 10:26:31'),(25,'Tran Van Hiep','tranhieptvh+19@gmail.com','$2y$10$2.K1uZ5gyIU/WL3B2KnQkesNjiRUxX3TXBHm.NaEICPWC7LqoEeKO',NULL,'26-05-2022','0985250657','Vinh Thinh',3,'uploads/images/user/user_1653560708.jpg',NULL,'2022-05-26 10:25:08','2022-05-26 10:25:08');
/*!40000 ALTER TABLE `users` ENABLE KEYS */;
UNLOCK TABLES;
/*!40103 SET TIME_ZONE=@OLD_TIME_ZONE */;

/*!40101 SET SQL_MODE=@OLD_SQL_MODE */;
/*!40014 SET FOREIGN_KEY_CHECKS=@OLD_FOREIGN_KEY_CHECKS */;
/*!40014 SET UNIQUE_CHECKS=@OLD_UNIQUE_CHECKS */;
/*!40101 SET CHARACTER_SET_CLIENT=@OLD_CHARACTER_SET_CLIENT */;
/*!40101 SET CHARACTER_SET_RESULTS=@OLD_CHARACTER_SET_RESULTS */;
/*!40101 SET COLLATION_CONNECTION=@OLD_COLLATION_CONNECTION */;
/*!40111 SET SQL_NOTES=@OLD_SQL_NOTES */;

-- Dump completed on 2022-07-19 19:08:59
